No,X0,X1,Y
0,0.684313636004,1.10277693298,0
1,0.218752181293,0.122695416485,1
2,0.0345215128753,0.329217531433,1
3,-0.323018603038,1.479858206,0
4,2.30301774455,-0.36910266887,1
5,0.0576643430858,0.615406055156,1
6,0.955362266851,-0.483719893938,1
7,0.405793925276,-0.264843329257,1
8,1.99477980424,-0.0672279431565,1
9,1.11936034353,0.247775093833,0
10,0.372697977053,0.0666100418398,1
11,1.14679161076,-0.319427621488,1
12,0.71110542973,0.67260972015,0
13,0.964898847984,0.458855755959,0
14,-0.255437320982,1.46132146622,0
15,2.09206054415,-0.16449627932,1
16,0.361477722812,1.40557811979,0
17,2.02054708171,0.159516301675,1
18,1.1383031287,-0.592616160037,1
19,0.158285845517,0.109823447209,1
20,1.81390517183,-0.0244708475116,1
21,0.437465083757,0.12740383218,1
22,-0.698017180884,1.16473208331,0
23,0.897409174592,-0.44285258989,1
24,0.589224761457,0.463876154652,1
25,0.678144416652,-0.195895504637,1
26,0.520550552736,1.43821949602,0
27,0.0152752725854,0.456939226016,1
28,0.577896274755,1.13738595661,0
29,1.96877481221,0.123991046663,1
30,0.419647370891,0.174007644938,1
31,0.458367209,0.571514593057,1
32,2.14825789646,0.406425671115,1
33,1.75657578972,-0.563450555899,1
34,0.752704859372,0.890426108848,1
35,0.561683014883,1.34642899363,0
36,0.450179795565,0.695942954121,1
37,1.26582830587,0.779962731266,0
38,0.172203699414,1.28439481032,0
39,-0.667303055309,0.69657947821,0
40,1.25094456135,0.140641984248,0
41,0.325038828614,-0.433446978553,1
42,0.10842637304,0.205064224495,1
43,1.25935210226,0.236472251661,0
44,1.28508047285,-0.425448613875,1
45,0.346368598746,1.37001586504,0
46,1.01068458201,1.11072616712,0
47,0.566979634215,0.828483277366,0
48,2.02657821178,-0.474135447416,1
49,0.33918363982,0.361643447961,1
50,1.05517612174,-0.400127650997,1
51,0.693213520247,-0.178579348418,1
52,1.02187456371,0.0842693556547,0
53,0.17936751732,1.47359672065,0
54,1.0325967609,1.20859444564,0
55,-0.766333278168,0.88521760771,0
56,0.662246321532,0.963975429476,0
57,1.78186723583,0.0920743489243,1
58,0.421922567043,0.877318617937,1
59,1.28373708596,-0.366870647628,1
60,-0.306368372541,1.06113368809,0
61,1.06081886349,-0.353915139736,1
62,0.180388859614,0.31093365695,1
63,0.711187781997,-0.233784507769,1
64,1.42768548636,0.169142719321,0
65,-0.423624589673,1.19826194707,0
66,-0.832030887116,1.09307513037,0
67,0.638816929642,0.0972097724596,1
68,0.269945280253,1.30700372776,0
69,0.408750799845,1.19694773989,0
70,1.02330919001,1.13730879003,0
71,-0.547088718613,0.854189157594,0
72,1.91597154854,0.128867058053,1
73,1.51115297705,-0.403906765109,1
74,1.11722152766,1.21542300621,0
75,1.27748446069,-0.493921762886,1
76,0.750081517527,0.755554444581,0
77,0.794669829539,0.375813228592,0
78,2.05323444204,-0.195464582875,1
79,0.675846708058,-0.523484436477,1
80,-0.667357824653,0.643112153765,0
81,1.36893165008,0.510385708609,0
82,0.791614172779,1.2561035069,0
83,0.310162892468,0.50843629204,1
84,1.47430253858,-0.286419390814,1
85,1.11534079441,0.985698804734,0
86,1.40725247834,-0.314421270323,1
87,0.979320788137,0.826707810721,0
88,0.706469004338,1.18195488828,0
89,0.882166910554,1.1729091894,0
90,1.15252369205,0.248469656503,0
91,0.09779832392,0.916035174401,1
92,1.29712916048,0.625416078178,0
93,0.713143047824,0.0638932217227,1
94,0.846900982107,-0.608775862831,1
95,2.35218177424,0.345906736443,1
96,1.92716180204,-0.0331350745211,1
97,1.53516030177,0.283512552766,0
98,2.06579847702,-0.0151341161601,1
99,1.05264285673,1.0024035322,0
100,2.26257830119,0.186614845076,1
101,0.232536617446,-0.256594227141,1
102,0.113916646571,1.46461279119,0
103,1.25188407659,-0.316684671484,1
104,0.968326075894,0.0263672735786,0
105,-1.18287379269,1.28711066809,0
106,0.0790023369314,0.4138090377,1
107,1.26139004097,-0.6481178941,1
108,0.412325818155,0.429368436241,1
109,-0.586767019015,1.0264979216,0
110,0.503428083929,1.69056695539,0
111,1.71104662911,0.298928220574,1
112,-1.16125339457,1.07327389375,0
113,0.455700065589,0.408729666017,1
114,1.17554251176,-0.301589853394,1
115,-0.320843213747,1.13946000445,0
116,1.85931691661,0.291719655615,1
117,1.05996370191,0.267338740688,0
118,-0.0220066998869,1.37676906264,0
119,0.878674071558,-0.0283117129108,0
120,-0.594434651174,0.902957202611,0
121,1.16988686342,0.430235011223,0
122,0.248651008708,0.428349747692,1
123,1.05642387903,0.445709146988,0
124,1.52067259063,-0.570179130277,1
125,0.255571604731,0.572775885006,1
126,-0.892906175906,0.388300764153,0
127,0.328605049633,-0.214164584323,1
128,-0.41303683272,1.16811933054,0
129,-0.00266135018197,0.128584899707,1
130,-0.678875769884,1.04805260931,0
131,1.16280425631,0.494232791868,0
132,1.06584436664,0.720813952879,0
133,0.954827978362,0.737648460918,0
134,1.90697069442,0.192715460124,1
135,0.290448058634,1.26286610028,0
136,-0.929164616275,0.446940380953,0
137,0.220344669004,0.0282841629502,1
138,-0.499641261231,1.24309055427,0
139,0.808366307302,0.891432103875,0
140,1.59513512797,-0.446115418125,1
141,-0.253082883367,1.20551450062,0
142,0.900290214921,-0.485079532702,1
143,0.163165539657,1.40521658043,0
144,0.950616688777,0.270989528314,0
145,-0.256872069963,1.72127599651,0
146,0.733043267695,1.35190354194,0
147,0.969351789469,0.36013198203,0
148,1.87354024303,-0.342267007929,1
149,2.08375269961,-0.0825926602188,1
150,0.569553078166,1.0900322176,0
151,2.21564246126,0.116924427232,1
152,0.273088960218,1.89469131516,0
153,1.60822035628,0.0240297569005,1
154,1.37394391979,0.106344371324,0
155,-0.390219608338,1.24987821519,0
156,0.592717535331,0.860188889957,0
157,-0.616353195539,1.19655140202,0
158,-0.0082850998158,1.58616279122,0
159,0.198371469987,-0.106141917832,1
160,1.95050235121,0.125106309813,1
161,1.98783367764,0.0113767959032,1
162,0.359327682472,0.498800287092,1
163,0.64374240325,0.173527350629,1
164,2.01273404554,0.283962192605,1
165,-1.05837618412,1.0770916166,0
166,1.27387475368,-0.351780868685,1
167,2.15931935868,-0.0586080247525,1
168,-0.283012353866,1.3967541668,0
169,0.328118352979,0.829094006384,1
170,0.233074315072,1.38272920233,0
171,0.640008656836,-0.0300250763512,1
172,1.14638081021,0.40071406438,0
173,1.13037868636,0.890427911381,0
174,0.254952902841,1.1928474626,0
175,2.03396788512,-0.177796165861,1
176,-0.0951210152239,1.2189893782,0
177,0.747273091689,1.29699572438,0
178,1.64311877094,0.234277439092,1
179,0.923014420189,0.672911477691,0
180,0.934126249415,-0.18303847856,1
181,1.41461571793,-0.523440567477,1
182,2.02378491818,-0.0475248170032,1
183,0.898250664379,0.724010611721,0
184,1.14760482856,-0.680667826336,1
185,0.751736805088,-0.462269839251,1
186,-0.160217610091,-0.0875580625352,1
187,-0.881166865254,0.781241175956,0
188,1.19510223874,0.749528472755,0
189,2.06160742537,0.160662573592,1
190,0.826259544953,-0.104904743113,1
191,-0.43408711277,1.2921320037,0
192,0.535096485122,0.789384709527,0
193,-0.0433292390965,1.54266408665,0
194,-0.77707610567,1.12668960901,0
195,0.651100261239,-0.419732200854,1
196,2.28232536335,0.498007465113,1
197,0.667628909894,1.01068345672,0
198,0.419002952813,0.450976311639,1
199,1.40042878477,-0.282543683338,1
200,-0.286426875587,1.1232082095,1
201,0.231581158612,1.35188807777,0
202,0.618429106312,1.40009722807,0
203,-0.676509436716,0.974991170009,0
204,0.470058683437,-0.252768204907,1
205,1.54929189349,-0.335164092251,1
206,0.979956463807,-0.514254413215,1
207,1.67918040048,-0.330475395026,1
208,0.366422627747,1.26336369726,0
209,0.545098198556,-0.281879939645,1
210,0.94245895495,1.1410503458,0
211,-0.372142856719,1.32395753378,0
212,1.00919723123,0.946991597447,0
213,0.289682622818,0.216244659357,1
214,0.991270910515,0.745086579427,0
215,0.620333964099,1.24023666637,0
216,0.782382802948,-0.23995691482,1
217,1.00988535609,0.751392104909,0
218,0.309359168761,0.021576441753,1
219,-0.00221560618708,1.33382425984,0
220,0.933857583408,1.32942331704,0
221,0.207649681345,1.14352108572,0
222,-0.780979563338,1.04668013334,0
223,0.188278403542,1.48781574905,0
224,-0.168763645479,1.73274509578,0
225,1.40162866219,-0.388937081374,1
226,1.91615404501,0.253055297208,1
227,1.82167930308,-0.192032207763,1
228,0.516170771104,1.18671174329,0
229,1.77185634153,0.0514354812593,1
230,-0.0908602805223,1.39270896163,0
231,1.23563162795,-0.00763492062345,0
232,1.75431192024,0.123868549352,1
233,1.81592297343,0.142044178216,1
234,1.77042636688,-0.298186202561,1
235,0.233696682839,0.389380658683,1
236,0.208271432284,0.464274041188,1
237,1.34715411894,-0.525934186132,1
238,0.0172226641116,1.7130754571,0
239,0.659514232428,0.262436527442,1
240,0.372163695707,1.61783984234,0
241,-0.237512847451,1.49496672416,0
242,-1.11166359315,0.878086085728,0
243,-1.02610612841,0.887665841722,0
244,-0.0908072445352,1.18401770479,0
245,0.0980083158082,-0.0312500608661,1
246,0.79086613972,1.17094158092,0
247,0.851613990143,1.1435859886,0
248,-0.651711839466,0.571198439341,0
249,1.03488301003,0.864980842781,0
250,2.12375947131,0.319640332727,1
251,1.58038911074,-0.072133181843,1
252,1.77389846046,-0.25125463627,1
253,1.68856526949,-0.252577332375,1
254,1.79958896737,0.00981851938382,1
255,1.10369117093,0.370456757091,0
256,1.86776180463,0.0432986081904,1
257,1.6128856236,-0.573649700282,1
258,0.209131127877,0.292476882935,1
259,0.980497151896,0.848121189545,0
260,0.194944384069,0.596597173673,1
261,1.19473859444,-0.025511893026,0
262,0.114988625396,1.43292357585,0
263,-0.141530508884,0.229147898157,1
264,0.737621117496,1.40072604654,0
265,0.327970197286,0.470470663012,1
266,0.120504638901,0.11401232438,1
267,2.28050978751,0.359544134378,1
268,1.27865461067,-0.8749541686,1
269,1.63865583938,-0.0587897832771,1
270,0.190631738626,1.86969422386,0
271,-0.190103824868,1.31431901872,0
272,-0.824609180268,1.12732539524,0
273,0.120798617522,1.57808122625,0
274,0.431347894311,1.52594976383,0
275,0.128868763783,1.15871432648,1
276,-0.664552260946,1.22853008592,0
277,1.08018855392,0.763144170485,0
278,1.26589987674,-0.447185645434,1
279,-0.0494552380365,0.922987656249,1
280,1.14374627314,-0.429453221853,1
281,0.115190032473,0.0128058589433,1
282,1.23923413672,-0.000322433536049,1
283,0.698072463425,0.494114162561,0
284,0.0780647967143,0.790061563759,1
285,-0.100340198824,1.61717021891,0
286,-0.248650980382,1.25990175998,0
287,-0.376461422469,1.17288583715,0
288,0.501153074985,0.155277070368,1
289,1.06627909919,0.218678547105,0
290,1.09390922789,0.727357375567,0
291,1.21892469998,-0.0467665279944,1
292,0.360910101757,0.0461909352459,1
293,1.12661992674,0.769492844967,0
294,-0.863930098584,0.809225952553,0
295,0.000716554401583,1.54926491606,0
296,-0.991847446014,0.5470968559,0
297,-0.227559477796,1.52644992474,0
298,0.863507604657,-0.453719046292,1
299,-0.360817306386,1.49551664987,0
300,0.551509613968,-0.164595393776,1
301,0.301228751472,0.936718247162,1
302,0.555101615738,-0.0499143998701,1
303,-0.448996911657,1.57634236458,0
304,0.0656720783214,0.118878871432,1
305,2.2067332149,-0.152739578637,1
306,0.939428654034,1.2062073956,0
307,1.09004464508,0.835384640536,0
308,1.18294164669,-0.563110512594,1
309,1.6645989736,-0.213121069112,1
310,1.06862302259,0.0928290490048,0
311,0.198413145351,0.579591352919,1
312,0.976256025271,0.565309212773,0
313,-0.0777660536028,0.957910951829,1
314,1.50429891411,-0.205768389479,1
315,-1.02572244625,0.76746981078,0
316,1.46096673981,0.777610782326,0
317,0.694720968551,1.31801567681,0
318,0.978181910193,0.0694796088034,1
319,1.72088687303,-0.391910191653,1
320,-0.0823650581055,1.27929584183,0
321,1.03422742201,-0.655286374128,1
322,0.850625569681,0.489396526053,0
323,1.51855917366,0.28711421263,0
324,1.82028793464,-0.0971474237271,1
325,0.917207913321,-0.311453489035,1
326,-0.695301474293,1.04698465243,0
327,0.454011199419,-0.306844407936,1
328,0.671330542557,-0.315484974723,1
329,1.02126167809,0.837505613993,0
330,0.264549352224,0.0940771383992,1
331,1.40150122577,-0.0511130364114,1
332,1.53467330832,-0.453699213121,1
333,0.000829619482237,0.764583681228,1
334,-0.799965088765,0.965009888882,0
335,0.851131789419,0.773352240706,0
336,-0.435356934779,1.27509115966,0
337,0.869935547012,0.332364583412,0
338,1.1097289979,-0.583006343175,1
339,0.974693045327,0.647800412805,0
340,2.14654839671,0.00768484848571,1
341,0.683713232175,-0.300354403254,1
342,-0.528205007875,1.54783542094,0
343,0.748406341416,0.662249264527,1
344,-0.399288206289,1.50126972273,0
345,2.12236245958,0.0335978371373,1
346,1.70954426904,-0.332701029837,1
347,0.858581794648,0.0691729822926,0
348,1.00403872019,-0.7357443976,1
349,-0.670197793541,0.651591626528,0
350,0.619582861443,0.0613505917683,0
351,2.3764672188,-0.0854439106826,1
352,0.842081009839,-0.0300593074254,1
353,-0.397527287489,0.881983215319,0
354,-0.633572132322,0.801481228441,0
355,0.192139697884,0.305314410682,1
356,0.577384240153,-0.197576726366,1
357,2.15806254581,0.125536938898,1
358,0.700985022692,0.0717325838991,0
359,-0.331527566529,1.46025185635,0
360,1.03550039754,-0.255539099582,1
361,1.0381060595,0.850450965857,0
362,0.282568734855,-0.0073827914549,1
363,0.214507111696,0.885237482984,1
364,0.588180365363,1.44693117489,0
365,1.09762976365,-0.316485839914,1
366,0.952770307002,0.449476915856,0
367,0.801040252609,1.52704096212,0
368,-0.025386946493,0.27183316822,1
369,0.691235954577,-0.20820996793,1
370,0.433498375323,1.40222767131,0
371,-0.64238229164,0.800407345412,0
372,0.798339297182,1.19811697624,0
373,-0.595266123326,1.37870361676,0
374,0.320914676801,-0.193818342248,1
375,1.20099894063,-0.357063269923,1
376,0.404134959606,1.38718019551,0
377,0.715915701911,1.17441183703,0
378,0.535055505193,0.752680043849,1
379,0.986067905981,0.411948960813,0
380,-1.01814778404,1.03136340859,0
381,0.492047435975,1.45616658077,0
382,0.806686916125,0.299075262502,0
383,0.404037179213,0.0787024049224,1
384,-0.885081277634,0.787140375972,0
385,1.03272914581,-0.447690146204,1
386,0.076239936772,-0.00870873482742,1
387,0.196349044027,1.34372274028,0
388,0.705616641146,-0.261375923162,1
389,1.46560113405,-0.472132667985,1
390,0.890130115261,1.01825925739,0
391,1.38421463031,0.229937399979,0
392,1.89253760777,-0.223233101257,1
393,0.422994077129,-0.170857082067,1
394,0.383351858371,-0.261077175726,1
395,0.0224463215851,1.31869918296,0
396,0.627060862514,0.846177233935,0
397,1.96875545379,-0.0797093096551,1
398,1.5764339463,-0.0421929754098,1
399,-0.0859476994416,1.44754134893,0
400,-0.00866028914311,1.15796864004,0
401,1.19382889837,0.925474618645,0
402,1.88327768774,-0.197018809463,1
403,0.930429818924,1.05676762272,0
404,-0.296076288569,1.23033469057,0
405,0.545857706708,1.38748996212,0
406,0.303771411203,1.34567061861,0
407,0.801699547624,0.814566130224,0
408,0.737936422584,-0.523917017741,1
409,0.873491003515,-0.372271773674,1
410,1.11645023272,0.565566153885,0
411,1.86986116313,-0.214041629588,1
412,0.119017112236,1.29992714329,0
413,0.678421422668,-0.607007553308,1
414,0.134221245518,1.24269568578,0
415,0.742420232841,1.04287991322,0
416,0.489188090889,0.252271267451,1
417,0.766380398963,-0.39947637437,1
418,0.728995784676,0.133734857667,1
419,-0.945029370995,0.885810984363,0
420,1.05681799355,-0.0474846536676,1
421,0.929854303677,1.05838625803,0
422,-0.025055375245,1.11387207983,1
423,0.843394894138,1.13167008753,0
424,1.2430637998,-0.443364837858,1
425,0.378238732786,0.999935690944,0
426,-0.520455181276,1.22904214872,0
427,-0.244606463965,1.30771174103,0
428,0.934788266469,-0.591889681142,1
429,0.191528288782,1.47703486047,0
430,1.16112110015,-0.442146331176,1
431,0.830620262173,0.915908348403,0
432,1.14839675861,0.341254535714,0
433,0.82821113868,-0.383829273162,1
434,0.514699403373,0.249527308351,1
435,0.418093776516,0.912771882987,0
436,0.691655444094,-0.156666508935,1
437,0.167387187868,1.01062217728,0
438,-0.183532258405,1.37122521525,0
439,0.249880290117,1.61814245768,0
440,0.294677622551,0.665238053377,1
441,2.16915533602,0.0497998700208,1
442,0.624044177219,-0.392704593377,1
443,-0.224421716938,1.47355514402,0
444,1.26126345528,0.346304587973,0
445,0.904207355459,0.622163568448,0
446,-0.703248290311,0.57640274403,0
447,0.84509818392,1.4163707254,0
448,0.620564957532,1.19088534575,0
449,-0.39936696081,1.33517625469,0
450,1.12375397272,1.20336306206,0
451,-1.06701645056,0.593830333596,0
452,0.280473217865,1.24902960261,0
453,0.411991008418,-0.332371711422,1
454,1.81074220435,-0.0286203405187,1
455,0.244294117114,0.12028230956,1
456,1.46918173587,-0.1028521009,1
457,-0.795618324665,1.0312621381,0
458,1.9956232012,0.216600613802,1
459,0.346414364854,0.0725000012516,1
460,0.0575492922539,1.57381188872,0
461,0.808742280425,-0.316904759151,1
462,0.616199583163,1.14289487444,0
463,0.958576252539,0.993754662251,0
464,-0.354079288416,1.31761771021,0
465,1.25358056415,0.264120841309,0
466,1.0283743451,-0.551832516328,1
467,1.99460034616,0.309745031167,1
468,2.08946851828,0.188696191644,1
469,0.242488623612,1.0830511231,0
470,0.905837586624,-0.34730539198,1
471,-1.08626340233,0.73359145905,0
472,0.897352540968,-0.450573157098,1
473,-0.36125094459,0.985920855217,0
474,0.901652864771,-0.322304130908,1
475,1.04383489403,1.08406911409,0
476,1.64405725987,-0.268700587696,1
477,1.39657230635,-0.454596374271,1
478,0.334785872794,-0.132166879844,1
479,-0.79454695228,0.790153456035,0
480,1.99375304847,0.280152713354,1
481,0.376957276422,0.665548630867,1
482,0.241926597703,0.626659300421,1
483,1.67286065582,-0.241446813866,1
484,0.414815875818,1.21893910906,0
485,1.25425060025,0.44719113946,0
486,-1.37072309043,1.01540435596,0
487,-0.767851651668,1.43558183549,0
488,0.849870766967,-0.0880781463421,1
489,0.763662182586,-0.474970956036,1
490,1.08545574589,0.878685238589,0
491,0.857018854485,1.02062974482,0
492,-0.706976904418,0.677473921992,0
493,0.0527428877586,1.63051600779,0
494,0.551408713469,0.377167062027,1
495,-0.771430738304,1.11902898532,0
496,1.26764421062,-0.298711779514,1
497,0.479198630998,-0.167920801723,1
498,0.149586046309,0.192435602756,1
499,1.13878278278,-0.376943824882,1
500,0.181479979681,0.98749756903,1
501,-1.06932958755,1.04484056377,0
502,1.11122020714,-0.200057064691,1
503,0.152174720092,1.57692436466,0
504,-0.700003781091,0.982986312138,0
505,0.0366543754601,0.208059720177,1
506,0.275475852142,0.567161392192,1
507,-0.266475356414,0.678588243433,0
508,0.164436886751,1.05176739341,0
509,0.614550196728,1.02145098113,0
510,-0.332198685117,1.67535775706,0
511,0.196371769136,0.982468080911,1
512,1.3406610407,0.593569867134,0
513,0.704391691557,1.21066399975,0
514,1.95272227368,-0.10281828814,1
515,0.307884491829,1.46446657297,0
516,-0.356938884584,1.01629830917,0
517,1.00190697334,0.947345938192,0
518,-1.04503954083,0.657384490519,0
519,0.398711300097,-0.267025364085,1
520,2.06280172973,0.546545774543,1
521,2.33466751592,-0.288684320819,1
522,0.712430981602,-0.140773923196,1
523,0.192559003024,0.654076011042,1
524,2.11122629726,-0.34674577256,1
525,1.87709529804,-0.35288444889,1
526,0.942669481022,-0.0339624938628,1
527,-0.665482308019,1.07158643695,0
528,0.248433200789,0.278502968692,1
529,2.29455377324,0.170587651944,1
530,0.836233957767,1.16507909233,0
531,-0.0725491353574,1.29227530223,0
532,1.44213757406,-0.204149732021,1
533,0.989501019675,0.320201835067,0
534,0.47259099061,0.662162098086,0
535,0.252793611585,0.739967331794,1
536,0.347080085773,1.4520924538,0
537,1.71832562851,-0.391717788988,1
538,2.05408399103,0.0523537410474,1
539,-0.468822667424,1.45004973485,0
540,0.833138455967,1.06812601834,0
541,0.73035399109,-0.135590231175,1
542,0.0392180882166,0.629169659607,1
543,0.860537932452,-0.392008625716,1
544,0.61560303035,1.09744661418,0
545,-0.290880904166,1.40242357408,0
546,0.0963206426293,0.697657968515,1
547,0.584497303173,1.35979357426,0
548,0.0270950520591,1.35070475729,0
549,-0.51352956739,1.24294783162,0
550,0.402326745743,0.208537307748,1
551,1.45172319905,-0.573183359873,1
552,-0.0514461519154,1.48291395263,0
553,1.6693601694,0.194910780573,1
554,0.278785235642,-0.209910276725,1
555,0.826225613398,0.654019496176,0
556,-0.547042583576,1.05118787791,0
557,-1.04976099348,0.586812229485,0
558,0.189312518589,0.496483252499,1
559,1.05690379391,0.382630985669,0
560,-0.720367445559,0.936175509547,0
561,1.02931849229,0.90898829436,0
562,1.73842388791,0.0929457598935,1
563,0.873572308682,0.866185247912,0
564,0.675907187937,0.0797944759382,1
565,1.21354429501,0.401177122545,0
566,2.14344770085,0.424364223077,1
567,-0.133661230891,0.55219650767,1
568,0.777294847649,0.0939637270405,0
569,0.971987378805,0.545674150674,0
570,2.04037016206,0.0885557211944,1
571,0.276451833076,1.39777552749,0
572,1.33596499785,-0.139594009764,1
573,0.673998939311,-0.514487845215,1
574,0.426723243497,0.132951118951,1
575,0.503151577581,1.6388832201,0
576,-1.02627498205,0.837539735182,0
577,0.657955445667,1.01049756658,0
578,1.249124314,0.620584869019,0
579,1.1599791423,-0.320016037182,1
580,0.755245819286,-0.432320394469,1
581,-0.175093184534,1.44105356143,0
582,0.600870319921,0.0985599809697,1
583,0.0832819003478,1.3600830523,0
584,1.66612014106,-0.386308376202,1
585,1.13047127933,-0.436958907325,1
586,-0.600012657371,1.16312214354,0
587,-0.382631552716,0.854272197092,0
588,2.15958442583,-0.0162571805087,1
589,0.943515533753,0.907906157276,0
590,0.105363996748,1.23148879292,0
591,-0.766880897317,0.95033970117,0
592,1.22038979169,-0.537597300857,1
593,-0.809890170402,1.50160407974,0
594,1.77698339881,0.209364725527,1
595,-0.5744031364,1.11814533108,0
596,1.01123040097,0.559956541906,0
597,-0.4294162667,1.54303956625,0
598,0.611435173087,0.2965030276,1
599,0.652025152344,0.0523158136953,0
600,1.6038232012,-0.20048756223,1
601,1.52131708825,-0.405262691342,1
602,0.563710410823,0.197102922679,1
603,0.408299313718,1.48179815595,0
604,-0.966063268754,1.17619502373,0
605,0.635832427931,1.10080495865,0
606,0.235681906318,1.55582897719,0
607,1.08629812139,0.638280657459,0
608,0.0475033534396,1.54406382433,0
609,-0.0902137825966,0.999822140341,1
610,2.06466996174,0.117935128308,1
611,1.10806477784,-0.393807998507,1
612,0.474258472729,-0.103547680992,1
613,0.105984426021,1.52817189825,0
614,0.55147591732,0.156555806831,1
615,1.23026626392,-0.0894822751125,1
616,1.76806284193,-0.388442702622,1
617,0.912086007782,0.518017001071,0
618,-0.506117050395,1.21872005917,0
619,1.07344927671,0.556624384542,0
620,-0.251613646144,1.40920890144,0
621,-0.555699504728,1.09413245611,0
622,0.171737195798,0.802438505066,1
623,-0.721814223586,0.808653724547,0
624,0.782917117709,1.27679900656,0
625,1.28295137881,0.189235224875,0
626,-1.11833175589,0.668508147305,0
627,0.0354231262145,1.30839426222,0
628,-0.153705859835,1.16660622617,0
629,1.13167119083,-0.409456289364,1
630,0.334395979923,1.36586606292,0
631,2.24121032735,-0.258103467679,1
632,0.291002799665,0.444997285026,1
633,0.4074747603,1.33123739353,0
634,1.2352099418,0.594574295696,0
635,1.07356809028,-0.539060459895,1
636,2.26284805618,0.240764807218,1
637,1.03560176248,0.801399669575,0
638,1.62251239669,0.144024232339,1
639,0.386798264604,0.488510173196,1
640,0.831699673649,0.968217000923,0
641,-0.174019829683,1.35585296017,0
642,0.150085032911,0.573086185662,1
643,1.78079725194,-0.472771842661,1
644,0.205399370177,0.543682127646,1
645,1.44986509874,-0.572141148865,1
646,0.665545298151,1.12451610699,0
647,0.253994218306,1.35826959821,0
648,1.68396288182,0.156628399597,1
649,0.461452334242,0.0329968011054,1
650,2.03502426669,0.0159141283162,1
651,-0.237118626265,0.993710235411,0
652,1.0112297726,0.601473461466,0
653,1.88296343711,-0.4959297219,1
654,0.724603949055,1.03872677121,0
655,1.02374267876,0.344825495092,0
656,2.03038038086,-0.256237748861,1
657,0.17807805041,1.09738682587,0
658,0.685297513543,-0.504242434926,1
659,0.440201285301,-0.448775325045,1
660,0.925533306594,1.01245103459,0
661,0.718806047113,1.43901465132,0
662,-0.363375780715,1.05502257578,0
663,1.31899290083,-0.366980859703,1
664,0.707031303617,-0.369309144788,1
665,0.203449238895,0.487892940549,1
666,-0.147840183583,1.51462657549,0
667,1.39455446118,-0.0943655240579,1
668,0.170993260806,0.926324217181,1
669,2.12765645096,0.140311567465,1
670,-0.0828709121645,1.40305884812,0
671,-0.767739893585,1.05569290182,0
672,-0.39314464721,1.20288096288,0
673,1.68954925939,-0.436358422602,1
674,0.122579101902,1.515491133,0
675,0.685799843208,1.29993046265,0
676,0.0889494456813,1.36917829049,0
677,1.1046562407,0.180868147269,0
678,0.385378939844,0.235859335333,1
679,-0.452811054009,1.20977734568,0
680,1.63976053691,-0.0585649591187,1
681,2.17373035935,0.165397209034,1
682,-0.254315911196,1.36682021165,0
683,0.33945617284,1.23222953646,0
684,1.94457256957,0.253657276157,1
685,0.0481008018343,1.39815388064,0
686,2.12917974052,-0.211629826824,1
687,-0.00531315492022,1.27794909772,0
688,1.78026945512,-0.0298944108887,1
689,0.188126684062,1.27614419148,0
690,1.01461666092,0.788667174262,0
691,0.315877701268,1.40680033998,0
692,-0.116003977927,1.23523575183,0
693,0.625675484866,1.1625422096,0
694,0.260948303212,-0.399552243197,1
695,0.824934170023,-0.539347325679,1
696,0.225171302418,1.44722605986,0
697,0.316322087404,0.125703152417,1
698,1.96784194469,-0.152186220341,1
699,0.242085203082,0.0359403407291,1
700,1.24242648132,0.198192284011,0
701,0.970074578442,-0.15674949837,1
702,1.36772627081,-0.142709289321,1
703,-0.633271339172,0.626324041546,0
704,0.0532549480455,0.419132364265,1
705,0.862286683668,1.04859413716,0
706,-0.747647692637,0.760935993504,0
707,-0.991931264175,0.836311354359,0
708,1.09898931061,0.313834678235,0
709,0.339787095557,0.361961777773,1
710,0.138265997383,0.82502237682,1
711,1.32503963172,-0.21122026199,1
712,-0.0399577765436,0.742780432354,1
713,1.67953210497,0.247663931235,1
714,-0.470344001245,1.35110421414,0
715,0.121598646968,0.256081464151,1
716,1.06266579554,-0.562503197115,1
717,-0.18280848122,1.5298730933,0
718,0.939636404213,0.744424513186,0
719,0.815034259415,0.0984181591205,0
720,1.94739879431,-0.186776798059,1
721,0.488288722848,0.314801803873,1
722,0.98160373536,1.02566649411,0
723,1.50895726394,0.651497080359,0
724,0.136718638871,1.58208615744,0
725,1.14638306183,1.04210119098,0
726,1.79517266816,-0.454881488251,1
727,0.548179036988,1.27151563079,0
728,0.116483212526,1.1049942196,0
729,2.07072049976,0.140615184919,1
730,1.2026623477,-0.18019725209,0
731,-0.179340280941,0.597687561902,1
732,0.579058843141,1.16004919844,0
733,0.522772118691,1.39371324994,0
734,-0.949785698989,0.589177922757,0
735,1.07628336905,-0.180841234386,1
736,0.913754251381,0.381665737247,0
737,0.437051398098,0.105433876188,1
738,0.485942680612,0.837891448431,1
739,0.991245883086,0.336029119124,0
740,1.22358038255,0.19231890483,0
741,2.15418583762,0.350384933571,1
742,0.587266081457,1.31063240256,0
743,1.63120109969,-0.286847833398,1
744,0.874778415668,-0.209847783071,1
745,1.97165323356,0.0500947094969,1
746,1.44816395221,-0.530689663356,1
747,0.96204822654,1.08709898338,0
748,0.582868055528,0.183922392893,1
749,1.13041759334,-0.425724557238,1
750,0.593385112422,0.149810260162,1
751,1.29225818245,-0.372863544389,1
752,-0.0571981861683,1.15698959823,0
753,1.54713822201,-0.208387255091,1
754,-0.228932888235,1.30203806156,0
755,0.424618386705,0.0315399081076,1
756,0.930839152417,1.07606801205,0
757,0.530472460541,-0.124660113045,1
758,0.536667716239,-0.232493794185,1
759,0.520029687249,-0.237838831412,1
760,1.6499162398,-0.382800335598,1
761,-1.05439850968,0.849810365994,0
762,-0.432098273815,1.10470998495,0
763,-0.758180888331,0.480992934597,0
764,-0.608915838045,1.34004882374,0
765,-0.833495831165,0.789050347457,0
766,1.56499607896,-0.137323224947,1
767,-0.138544305148,1.09019796328,0
768,2.04369290004,0.088162567406,1
769,1.13525361431,0.520942417248,0
770,1.73921042262,0.243142449437,1
771,0.467293118663,1.70947168432,0
772,0.186511343007,0.972001584995,0
773,0.302832833826,0.575902812457,1
774,1.70011293621,-0.155542826819,1
775,0.565121366047,1.3522374684,0
776,-0.0190295067258,0.677952187641,1
777,0.981977959428,-0.366663708158,1
778,0.436175927531,-0.527492335158,1
779,0.929582106274,-0.525451616733,1
780,1.53873199637,-0.0611160805971,1
781,0.0486451181956,0.0185367462393,1
782,1.05568673284,0.349696702055,0
783,0.477077666903,0.0960679083269,1
784,1.32592996655,0.127363636184,0
785,0.319614059082,-0.125666154677,1
786,-0.620613283203,1.4278176699,0
787,0.473768012269,0.659125462758,1
788,0.368736066041,0.217650305139,1
789,1.2299308353,0.849162450083,0
790,0.353323222206,0.785968175595,1
791,-0.43885924127,0.749109865064,0
792,0.14990358841,0.357957064939,1
793,-0.744614944208,0.857397165451,0
794,1.05831553911,0.548733657785,0
795,-0.816979776856,0.724568715762,0
796,-0.194497434828,1.03263830589,0
797,-0.444879979314,1.2029097266,0
798,0.937213162182,1.02270620008,0
799,0.743272139393,0.23719308803,0
800,-0.568627821218,0.742176053732,0
801,1.37949070732,-0.357834000787,1
802,2.0563124573,0.0395754496285,1
803,0.367205235577,0.68614563925,1
804,-1.1755130786,0.577853332867,0
805,2.02084604419,-0.150993166498,1
806,0.762070480657,-0.158083885747,1
807,-0.463600793931,1.21809819411,0
808,0.560150742736,0.5835010247,1
809,0.992363043419,-0.278280921339,1
810,0.431037130862,-0.507918214656,1
811,0.92621049527,0.0362924283654,1
812,1.44618342202,-0.0320101739179,1
813,0.695709258583,-0.205424801222,1
814,0.684325971952,1.10922812577,0
815,2.24134484158,-0.159061075186,1
816,0.697504582173,-0.405602988777,1
817,0.573078268456,1.22233528461,0
818,0.997982157384,-0.350535934602,1
819,0.934447828924,0.903381732013,0
820,0.89422633871,-0.32910974713,1
821,0.461263302166,-0.0188975540944,1
822,-0.86292108541,0.771117835062,0
823,-0.599024790502,1.50461313608,0
824,0.34342009135,0.165462389386,1
825,-0.331300966623,1.29347043972,0
826,2.27842971786,0.0154486634927,1
827,-0.215962069459,-0.0233901638106,1
828,-0.93091955674,1.13232473628,0
829,0.24405551798,1.43258961906,0
830,0.829004378015,0.763457612186,0
831,0.33378784554,0.663513835743,1
832,0.595474966042,1.23299007368,0
833,0.303661351868,0.79069102976,1
834,0.675019490621,-0.425724228181,1
835,1.85506961955,0.156803875374,1
836,0.387769922766,0.831293204802,1
837,1.04532194681,-0.241212045495,1
838,1.18796969844,-0.48435275477,1
839,0.163268818472,1.36866024317,0
840,1.86066830555,-0.585445783249,1
841,2.08398302128,0.512061628765,1
842,0.350969105714,0.447604837877,1
843,0.0634781339614,0.778054823802,1
844,0.284023351092,1.11561191734,1
845,0.951483734615,0.79614628734,0
846,0.649345516397,1.2136858217,0
847,0.907643229261,-0.395189356991,1
848,0.0267304901347,0.774355098847,1
849,2.1019761766,0.011885563737,1
850,1.07668033724,-0.573356696614,1
851,-0.998068058389,0.456293787168,0
852,1.97515292287,0.318588067543,1
853,1.07295012467,-0.454468320441,1
854,0.311270352804,0.0263767097372,1
855,1.85830410369,-0.415955204888,1
856,0.462471193368,1.09277384932,1
857,2.1501468084,0.0354185760513,1
858,2.01515560666,0.340653008872,1
859,1.30562288362,-0.441922174881,1
860,1.69585604405,-0.20057308193,1
861,0.423836602024,1.46366438975,0
862,1.46499631448,-0.566797285665,1
863,0.298549388015,0.958768547339,1
864,1.97482357581,-0.163688746698,1
865,-0.360240555894,1.61399372422,0
866,-0.572063872537,1.07443285483,0
867,1.88433522815,0.227980871781,1
868,1.20389976462,0.658196695156,0
869,0.441262187662,0.0911516864377,1
870,-1.03276236435,1.06450859216,0
871,-0.527721471484,1.04296477328,0
872,0.287089569889,-0.156371889792,1
873,0.0172452016369,1.19929025864,0
874,-0.782714014514,0.803310303349,0
875,-0.341317736072,1.44511543375,0
876,1.78254648437,0.20126743366,1
877,1.82088673647,-0.126029298741,1
878,1.05551868416,0.809331656196,0
879,-0.257817507292,1.36985738517,0
880,-0.0424922776374,1.25973110552,0
881,1.83539754984,0.0438372817684,1
882,-0.0774738155115,1.60506559943,0
883,0.0639089257905,1.46161247014,0
884,0.50943978788,-0.293508549128,1
885,0.93161019881,0.198676481505,0
886,1.85037455569,-0.0598731328246,1
887,-0.727340183152,0.992486415863,0
888,-0.0791258776656,1.29785200542,0
889,-0.431525263809,1.26134398127,0
890,1.04172532842,0.582580464155,0
891,2.06855293408,0.0402944821564,1
892,1.08262111396,-0.264091279043,1
893,1.86421147228,0.31785528362,1
894,0.275216531037,1.30548255676,0
895,0.780406439194,-0.480139680207,1
896,0.768757486222,-0.33622841795,1
897,1.26299441638,0.136375618982,0
898,2.03113918118,0.1859394069,1
899,1.07546581191,1.09220282927,0
900,1.68668755485,-0.241811889875,1
901,0.814393255107,0.923219854139,0
902,0.336103151103,0.74112934641,1
903,0.115051363083,1.55975773878,0
904,-0.575533512701,1.04116772851,0
905,1.86628392831,-0.287365685617,1
906,0.69266747407,0.784597816386,0
907,2.24984429868,0.63943973211,1
908,0.590620578865,-0.28628521393,1
909,1.13051493189,0.962190041138,0
910,0.220763636967,-0.37947930712,1
911,1.1705300391,1.0359997303,0
912,0.814655508262,-0.286836998127,1
913,0.0935109348002,1.37322866448,0
914,-0.771191913385,0.738709090511,0
915,-0.75423616212,0.5658219724,0
916,0.560076069144,1.21475477194,0
917,0.776791474388,-0.742670881084,1
918,0.844460298147,0.943783458962,0
919,0.688967235322,1.19177006113,0
920,0.646026051967,1.20036204672,0
921,0.371906104602,0.333753537227,1
922,-0.313553717557,1.33940676676,0
923,-0.59902061171,0.901051960343,0
924,1.15067248876,1.2784401829,0
925,1.41011083855,-0.425820225886,1
926,0.110669237707,-0.223201385162,1
927,0.0472333325805,0.131191656039,1
928,0.403153686523,-0.0946569897905,1
929,0.840520814288,0.10106109897,0
930,1.38170472123,-0.394226106272,1
931,0.714579192675,-0.440048883308,1
932,0.168785160909,1.32616232466,0
933,0.981915097229,0.431379061135,0
934,-0.216094499315,1.14482052937,0
935,0.847277799771,-0.562565269971,1
936,0.599429419712,1.56088812782,0
937,1.33854730992,-0.660563160843,1
938,0.173384643719,0.689346359915,1
939,1.15710668597,0.172969243305,0
940,0.292003713926,-0.0790780589063,1
941,1.81653638099,-0.101212047396,1
942,2.03125275198,0.238356548268,1
943,1.24208317994,0.246314469678,0
944,-0.0823611673868,0.35714683928,1
945,0.777926432217,-0.368449788147,1
946,1.7599804672,0.272913967298,1
947,1.54885803344,-0.572415323693,1
948,0.861804533031,1.34754804577,0
949,0.403249762372,-0.28195578983,1
950,-0.0399328898925,0.365819713142,1
951,-1.1388485326,0.864014822837,0
952,0.780310281957,0.859600052161,0
953,0.803787752682,1.22707191476,0
954,-0.705732430056,1.24216593362,0
955,0.186240842511,1.55503731564,0
956,1.06811533682,-0.28380792006,1
957,1.33266127723,-0.169101278398,1
958,0.355039860328,0.265402912078,1
959,0.322715319069,1.32070529938,0
960,2.29163757753,0.0324800792771,1
961,-0.263337230267,1.3855277387,0
962,-0.928789899041,0.898122929631,0
963,0.547559926584,1.19419244909,0
964,1.95997299814,0.180264731103,1
965,-0.500434406271,1.20328021115,0
966,0.348562192159,-0.15697245649,1
967,0.723057117597,1.32399012885,0
968,0.811181014696,-0.471816811276,1
969,0.948930443988,0.886431650817,0
970,-0.245538913346,1.05284532904,0
971,0.404488795717,-0.44998328638,1
972,-0.825653046509,0.760470723727,0
973,0.174313586637,1.39272486864,0
974,-0.16806124428,1.65381674769,0
975,-0.764983740861,1.11709625412,0
976,-1.08470091738,0.705178967275,0
977,1.10805250066,-0.27501276199,1
978,0.436171618369,1.37814219268,0
979,1.09909710254,-0.392094080993,1
980,1.11280978591,0.550022023444,0
981,0.815786578241,0.308782374486,0
982,0.573041613937,1.20299291639,0
983,2.0692928174,0.00416879034339,1
984,0.416981742105,-0.148028797868,1
985,1.89127858459,0.0625120682504,1
986,0.578473646162,1.25734691303,0
987,-0.308771378807,0.897052107041,1
988,1.59835667632,-0.275320886624,1
989,-0.655936795082,0.584075960686,0
990,0.497219942944,0.31959019871,1
991,-0.429176478102,1.40131627738,0
992,-0.459983461714,1.0375189141,0
993,0.379336400606,-0.238239672955,1
994,0.479117164872,0.217728254702,1
995,-0.438466385454,1.14962877764,0
996,-0.913081495916,1.25906935162,0
997,1.61252257273,0.0963027155468,1
998,1.58732281174,-0.300420263599,1
999,-0.160335781141,1.48402659816,0
