3.605393777535383926e-01,-1.790432327862273354e+00
3.895048297524916769e-02,7.459118527697111700e-01
9.264370529966892143e-01,-5.857587353338191694e-01
1.449867858384295660e+00,-5.698685683285072967e-01
8.404072091754548612e-01,-2.412565073563872176e+00
9.708541963355648008e-01,-4.402845231891553412e-01
2.556162918121729355e-02,5.928823967114088545e-01
9.747432146397432273e-01,1.997454385383931608e-01
1.883613304686732270e+00,-1.007853337850483033e+00
1.701590178753557447e+00,2.334680340690660216e-01
1.459928940441637124e+00,1.019945624817633067e-01
2.174721437379498745e-01,1.503574439381036187e+00
1.787808340570162358e+00,1.193270848904362191e+00
1.714308494145659223e+00,1.348063026246845375e+00
3.301732351904542728e-01,-8.703033854503393618e-01
1.264668027646992154e+00,-9.207607868569369636e-01
4.096722558246534973e-02,1.873500745342558282e+00
2.334745375600324468e-01,8.656558278347125102e-01
6.327346232250807834e-01,8.356483138644572595e-01
3.158246133498738839e-01,-1.154776992808236091e+00
1.517959176321010739e+00,1.605088223751862664e-01
1.636550715728287031e+00,8.502850705584595881e-01
6.892489819184348665e-01,3.229357268958563676e-01
6.375975937248672398e-01,1.162255969955394930e+00
2.233224639893207630e-01,1.314271470861516633e+00
1.679062866441141111e-01,2.074164704224501055e+00
1.425451871377685809e+00,8.727238562082434425e-02
1.199086792515311028e+00,-2.033601007995373133e-01
1.113473591701568122e-01,6.487983443263278804e-01
9.595945633188607271e-01,-2.286982377227577135e-01
8.033529612613043991e-01,-2.238078055953070411e+00
1.695957995093948956e+00,7.994016075467582638e-01
1.435698358679757591e+00,-1.136721982990142710e+00
1.204128102497649122e+00,-3.535166052824639804e-01
1.104767643010994504e+00,6.799935553873315275e-02
1.898204795493275032e+00,-3.620950867372538795e-01
1.973346660716937206e+00,1.362878504238952848e+00
6.761080992990555760e-01,6.969920680435073290e-01
4.797493581049467881e-01,4.483131695683467699e-02
1.592871507975892387e+00,-9.511138002290542293e-02
1.273728615493108229e-01,1.524451655973237729e+00
7.292312859920822010e-01,3.792863210573477195e-02
1.400456052490048897e-01,1.682410097034709562e+00
6.387354141018199982e-01,1.369407193116093158e+00
1.407651902139137601e-01,1.782738147837528597e+00
5.805273342706240847e-01,6.964373243874177888e-01
1.580202246867578930e+00,7.761952194027368357e-01
1.810800641600143646e+00,-1.907922605778483716e-01
1.585242770159852377e+00,1.459326314191626617e+00
1.123637420289756772e+00,1.030853370090945575e-01
1.232036770145302773e+00,-2.440792057595457254e-01
7.229670844064035595e-01,-1.644006447913113345e-01
3.376345971709056037e-01,-4.500953257079217673e-01
8.724818673303218475e-01,-1.970445410491018290e+00
1.465650672696352297e+00,2.840935842667411393e-01
1.257752477214009179e-01,1.596428571189816292e+00
4.146595776234263120e-02,1.227596164315893246e+00
1.541096132830038101e+00,5.694364149489861138e-01
5.999040188611086677e-01,1.366964396585282904e+00
1.402328550087033721e+00,-9.831104517347425409e-01
1.469335441809003440e+00,1.915653110456954078e-01
1.865809254374691806e+00,-4.722936476943767614e-02
8.006568658436168384e-01,-6.785828370400539544e-01
7.168758566963124856e-01,-2.300907923065869110e-01
1.613133581855442200e+00,9.508766280007089344e-01
1.528982193088942898e+00,4.357880710732322527e-01
1.305229479831167883e+00,-7.443384900736909060e-01
1.621933147910134654e+00,8.197455361062343515e-01
1.284429717482110211e+00,-7.626155872025126570e-01
1.914888105651910255e+00,-8.098169387311743295e-01
6.677488429021847249e-01,3.430450085912444269e-01
1.476505245697345980e+00,-3.457121511315741635e-01
1.899666611474362332e+00,-1.789500273649595186e-01
6.687283083224799807e-01,1.591424910635578227e+00
1.223263993469628774e+00,-3.071738137937690682e-02
7.313403351543061870e-01,1.904108737470728840e-01
9.230805827746009218e-01,-7.424526350829101506e-01
1.500039862174313843e-01,2.099356275503063252e+00
3.868672459648525574e-02,6.447297573765772283e-01
1.519298935104347104e+00,5.069404911565060790e-01
9.055183289839952021e-01,-4.753671624720092748e-01
1.245668015305979148e+00,-8.445109441853692056e-01
1.479903035595789396e+00,-4.730868958164151650e-01
8.373268603636816465e-01,-7.625774776270969335e-01
7.352352501352998893e-01,-2.927809263806271933e-01
3.380576211815047305e-01,-4.465503444462746163e-01
1.587744813269614141e+00,9.746572087559219888e-01
1.666074817168854860e+00,2.970335993930643959e-01
1.468425974610706009e+00,1.018722989345026031e+00
1.750589160047365755e+00,1.591520155862492292e+00
1.296112883951626937e+00,-7.884299571599102663e-01
1.392132349541314484e+00,-2.706931632354085959e-01
3.860361605331952273e-01,-1.239750266473303997e+00
1.535264469878616200e+00,-2.210324074648283565e-01
6.681657886046781236e-01,7.881245963028987722e-01
8.759184121255565447e-01,-1.460060213644685856e+00
6.377404795171501828e-01,1.750121667979336992e+00
1.136579337854532579e+00,6.176439815953960188e-01
1.317384702866176927e+00,-8.559189462662945003e-01
1.151117082110469036e+00,8.196161002272893681e-01
6.363743879740952902e-01,8.223018845121261577e-01
4.360067505410398780e-01,-6.460933226031457810e-01
1.689877061744351483e+00,1.443476418373590864e+00
6.043293755752214835e-01,1.158327832936804525e+00
8.764413417546874641e-01,-2.538781870828034748e+00
1.828291738513003750e-01,1.195909127973417974e+00
6.019583396818677379e-01,1.419215120915385819e+00
1.713896120267734968e-01,1.978369218620739112e+00
6.874266139206086645e-01,1.302285982037035161e+00
1.418602035542871453e+00,-1.003360277314125248e+00
1.947936511530518278e+00,-4.561246509878921773e-01
1.250449680142640574e+00,-3.853499668388425392e-01
5.386070803570888188e-01,6.119711857190730520e-01
1.313417612377324462e+00,-2.072047436506633478e+00
1.253995638382621403e+00,-3.267264903362342432e-01
1.651304458144500442e+00,1.984574517262245541e+00
1.067387963792706840e+00,1.007575563887744607e+00
1.822243329601453743e+00,-3.530615061880553740e-01
8.310073384496805549e-01,-1.930268986058188085e+00
5.720893389903793924e-01,1.238332172633015649e+00
1.038015483175317888e+00,1.621309934237168182e+00
1.844900476541739831e+00,2.019013902990962617e-01
1.447822525239228053e+00,-2.690317547604976767e-01
9.878260022670117824e-01,6.176125760420428934e-01
9.949927054965248541e-01,-1.052168600365315787e-01
1.297444396569400915e+00,5.197796533756338100e-02
8.955423207314225920e-01,-1.817668667996258591e+00
1.101278941904737740e+00,2.335453095157535852e-01
1.942350407261989487e+00,-1.190875614957506712e-01
1.864827437877274896e+00,4.383338373453551373e-01
1.681370860777289700e+00,1.211873965220604976e+00
2.540965222227986597e-01,7.784010368871142616e-01
1.113042211743488163e+00,-4.926015415712040602e-01
7.328544220829684708e-01,-7.233755867223505831e-01
1.823590968551948022e+00,-2.125799271388068568e-01
6.273583062067087379e-01,9.925320231751928457e-01
1.861531844918538736e+00,4.501581256983011592e-02
4.766922024799429281e-01,-5.987335030817023673e-01
8.407815496913031428e-01,-1.354739698869479758e+00
1.919925294680963512e+00,-4.733542721154670452e-01
1.190973380926108494e+00,-3.984849501118624682e-01
1.864297243338443488e+00,-2.107066898392152277e-01
1.077700583770151432e+00,7.292759292067099164e-01
4.560737323885144523e-01,-3.448064659836759249e-01
1.425925840466069516e+00,-6.970746041503457224e-01
1.043146982791606225e+00,2.937527400256505494e-01
1.010946337239142068e+00,-5.517664312045492681e-01
2.729690265110875647e-01,1.050388004859744928e+00
2.898389238090208764e-01,6.320322754465128590e-01
1.859210228700489020e+00,-3.190231281852726752e-01
1.912116528096574175e+00,-7.459001712024071473e-01
1.931861793398633287e+00,-1.124669662012728111e+00
7.155784825916349234e-01,6.967510737787244168e-02
9.174041038162661366e-02,1.431754579131034877e+00
1.107854545643171873e+00,1.534638583821461566e+00
1.472618943564142580e+00,-4.863907403309386535e-02
1.296092946345193786e+00,-1.265809643397408646e+00
1.058656982294745585e-01,2.675168501529472387e-01
4.657656652585773216e-01,8.520423503957108569e-02
1.411768517250622024e+00,-4.457936085220005618e-01
1.101696642115719271e-01,7.279210861733240723e-01
1.692993954294717440e+00,9.768340363597962650e-01
1.978162323158711766e+00,-1.047326920013473606e+00
4.955992849664043742e-01,1.657301136984145051e+00
1.082306089504276869e-01,2.073186238697462880e+00
1.959386616638010947e+00,-1.079869647260051635e-01
1.534432569228348253e+00,1.283129890462712808e-01
9.083956002542059593e-01,-2.396780487687719674e+00
9.565132804656737431e-01,-6.904007265944206440e-01
1.831006008197319845e+00,-7.552912803822380283e-01
7.116601597252039113e-01,3.619008027826803864e-01
1.063596575579912606e-01,4.254647739669179529e-01
1.227940658446727396e+00,-1.009989532670228174e+00
6.250895185624072425e-01,1.879979957561714654e+00
1.363118085996457785e+00,4.301729464738957009e-02
1.895900059504307622e+00,-1.050624809888402122e+00
7.211597567935248421e-01,-8.957040987758211337e-01
4.939963054407514598e-01,3.266700720806144931e-01
1.059037362168946395e-01,1.916767845058590769e+00
1.663319879060956907e+00,3.660289897472715492e-01
1.567596154313197765e-01,1.403877095047186829e+00
1.904350960588484742e+00,-8.362734325707006366e-01
1.412295255655467541e+00,-1.132209824122205610e+00
1.823065693538166387e+00,-2.423323440986369648e-01
1.628881741830101149e+00,1.371719813443263769e+00
3.814432257057720488e-01,-9.488451040690797367e-01
3.518069634519149780e-01,-6.850951054041676258e-02
1.922775543514148255e+00,-5.580299032207242105e-01
5.820759516066567052e-01,1.143145081175937161e+00
1.581227051946016315e+00,9.072885803312724651e-03
3.415802956563300796e-01,-1.040150293757754474e+00
5.981804605839706745e-01,6.352039113035086171e-01
1.346980287440391111e+00,-1.722162882899589187e+00
4.968393644862914016e-01,2.889326460659856211e-01
1.503734338325708686e+00,7.435178159574374890e-01
1.758512126104797568e+00,1.072083839455835408e+00
6.407448993783633195e-01,1.833793576660231350e+00
5.974157527317833782e-01,1.415641564710317768e+00
5.546532151671001998e-02,4.532974984740010260e-01
8.453199492927017111e-01,-1.708758223895676442e+00
1.308931654203897565e-01,1.501776485208717649e+00
1.149311887601218940e+00,-3.977573191306918998e-01
1.375872493742875013e+00,-1.571738880126844373e+00
1.136611661855814859e+00,-4.786202404638518759e-01
1.207453094785523762e+00,-3.873072117353856259e-01
1.199300208492367847e+00,-2.348929099237674900e-01
1.805294858038049677e+00,3.004731140889313479e-02
1.062058811827878868e+00,1.207806034709133280e+00
1.722785374826688809e+00,9.220915363859379932e-01
7.039431878079878135e-01,5.085682766546120170e-01
2.812517705069612628e-01,6.889192641562468244e-01
4.437541820711248253e-01,-1.358054424116025505e+00
1.586564124495670081e+00,-4.538989985900869772e-01
4.593674476653724081e-01,-3.467660118863897800e-01
1.545075494836691155e+00,-6.220342053259769743e-02
1.805673665081506840e+00,9.192630577602934894e-01
1.088774382557097242e+00,6.739789473957462640e-01
2.864453219275087115e-01,4.777049552504950558e-01
1.246993206914570163e+00,-3.071137461950654290e-01
7.589943767730706892e-01,-1.916286902392698721e+00
1.816895885721078630e+00,5.165702268800699271e-01
4.472769609035855964e-01,-1.237586987278739503e+00
4.685770238758479866e-01,-9.503615654491679443e-01
9.647221911647356762e-01,-7.182459132064737961e-01
9.871087247021239630e-01,2.129823234144467559e-01
3.755314286375448507e-01,-8.307320477450612639e-01
7.486711367397111960e-01,-1.758380360111455598e-01
1.336342044535424600e+00,-1.689871324701220701e+00
9.410400984304048144e-01,-1.161232437428307174e+00
1.194394554588904533e-01,4.253689750742277731e-01
8.306150312257025714e-01,-1.773598476753360353e+00
8.316191117537687916e-01,-1.426236275857004854e+00
8.952095542567459763e-01,-1.860661258587231526e+00
4.767960801771775614e-02,8.145454275922320297e-01
5.479847836154982943e-01,9.498840207946910308e-01
1.900822531164989782e+00,2.546375658306576639e-02
1.766013536581592325e+00,1.907344828475146525e-01
1.881417984740772598e+00,-8.016691971760966373e-01
1.517780207245474688e+00,-2.699832933174985961e-01
8.679841251746336361e-01,-8.184165499397049182e-01
1.875008368745529674e+00,1.985286870928639757e-01
6.013221485969062474e-01,1.237659129258340096e+00
1.186431719178245636e+00,-7.601027535871772434e-02
1.174868447594424437e+00,-2.079239478549209375e-02
8.815079672318959503e-01,-1.504104286285288250e+00
5.007364284626887319e-01,-9.043748601026130318e-02
6.609642177323915568e-01,7.780410835716029538e-01
1.285838543673358592e+00,-1.485476945917509006e+00
5.680431739615101616e-01,7.659367649456789717e-01
6.923914279109606440e-01,1.263007947892448524e+00
7.082052647622609776e-01,4.011865790728178505e-01
6.496117407824033574e-01,1.114179683747303029e+00
1.657060346481357804e+00,7.370923612125985791e-01
1.091570670132792742e+00,5.309405493804983944e-01
3.673978885974515940e-02,6.997825895492895132e-01
1.483157261105607416e+00,-4.287348138953947507e-01
1.004339566071346779e+00,1.515645809322930249e-01
1.557786463203132632e+00,4.802416736170774247e-01
9.891272709741187885e-01,-5.174891843826266991e-01
6.216755059722509635e-01,8.894203052419660249e-01
1.678576821203765945e+00,3.832174328657192985e-01
3.466900453493100276e-01,-1.572139783349785880e+00
5.565531395387353086e-01,1.396924037064891211e+00
9.682957651154240342e-01,-1.626283697060971978e+00
1.719742371934781078e+00,7.087291593557550895e-01
2.304240437079232429e-01,7.565588286261861750e-01
6.773769407520395802e-01,3.907326216887947457e-01
1.064480358213493627e+00,5.482278448904576162e-01
1.356699117815778788e+00,-2.385415640772142742e-01
2.103881384782704256e-01,1.403745501857624145e+00
1.510567265447890106e+00,-3.737102522412175110e-03
1.113842191089897460e+00,1.077612791573342998e-01
1.034288798518317565e+00,2.853066285414231906e-01
7.617409233443626082e-01,-4.697157685782124004e-01
6.292942402607100139e-01,1.051957264334445474e+00
1.781009241577768742e+00,-8.894613693413699895e-02
1.987552938777684020e+00,-7.787031606411334295e-01
3.504297295100800014e-01,-1.635607695938670947e+00
4.230023562722475816e-01,-1.866421782917315753e+00
1.334068188342612871e+00,-3.151026609484542940e-01
1.529125796893374911e+00,3.603102687718268138e-01
1.645931611857564425e+00,6.927939480993051680e-01
6.048910764482500202e-01,2.034732214028934560e+00
4.182006112757021832e-01,-1.537778592994184068e+00
1.451384883248354463e-01,2.119123034890254331e+00
7.526645338589157408e-01,-3.575315559833631140e-01
1.124969471572331514e+00,-4.262174596750094580e-01
1.745102698061566704e+00,-4.357171704710305349e-02
6.608883409895005556e-02,5.098542712557156964e-01
1.793106279998237795e-01,2.125941987259028831e+00
1.306290249728230046e+00,-2.383009760819391198e-01
1.342642117654227141e+00,-1.459056488077650648e+00
2.482629839400767313e-01,1.264641991276272304e+00
1.927314071854469013e-01,1.375471007594696315e+00
5.595262600082517856e-02,6.231660827621942067e-01
1.297468148969438628e+00,-1.154298697873799240e+00
5.597135629875182872e-01,8.298534367438716863e-01
4.819859037447209449e-01,-1.244928809375618117e+00
1.329097985558772121e+00,-1.373903010500006294e+00
2.420009335317752086e-01,2.399292883531141118e-01
1.072826510876503825e+00,7.579399708799509083e-01
1.818496833293832271e-01,2.700446553863636190e+00
1.314988175509337331e-01,3.057921952541041044e+00
1.337066345987679483e+00,-1.026732044985717796e+00
1.583228957539210446e+00,-3.488149418515370526e-01
9.248555361030657007e-01,-1.309448368461726186e+00
8.042921164785139521e-01,-2.007482326675995132e+00
1.403097597057467283e+00,4.028665718740128687e-01
1.520827558534412205e-01,2.037071703540553003e+00
5.565657503657079896e-01,5.878129970804568671e-01
1.810534817476718183e+00,6.856408490683449930e-01
1.897911613813365372e+00,-1.999913394186527138e-01
7.679218449724412032e-02,3.166615101446922376e-01
6.128245044553226606e-03,-1.865935161128744468e-01
1.535768244550960171e+00,1.045141181657427282e-01
9.037565523955424229e-01,-1.373788562130501489e+00
1.524860912332754559e+00,2.220937717451442750e-01
1.285966119185069534e+00,-1.027017696268043290e+00
8.959327804538943507e-01,-1.376095429788183333e+00
1.419961931065803151e+00,-7.864506054881681418e-01
1.209054478549119738e+00,-8.470613176524450783e-01
3.143211614837837509e-02,1.199987876554166499e+00
9.322410341932887423e-01,-8.182953222415393357e-01
1.764009298935782954e+00,8.349868697474374102e-01
1.560568888392778186e+00,-4.202970055406155536e-01
1.309856241227779883e+00,-9.704569350472432854e-01
1.243157446839455726e+00,-2.550463927752540938e-01
1.633224717760364042e+00,1.188226472743263429e-01
5.826849190927587685e-01,1.764022206070209986e+00
7.882102836191358097e-01,-1.541434941651776525e+00
1.261312531514328983e+00,-5.665948475061051148e-01
1.641911564238315968e+00,7.309979261492620672e-01
6.427773544156789587e-01,1.258875870507220940e+00
3.369562270318435804e-01,-3.153551453731827658e-01
5.445125586354411240e-01,5.810319841216775583e-01
8.779527073442772167e-01,-8.505251036603790338e-01
1.969259557327924792e-01,1.134348836401536609e+00
1.256671020317633669e+00,-1.210287478226236280e+00
1.792960054855285312e+00,7.363601742926781935e-01
6.843956243917073134e-01,4.878187719270410394e-02
1.912757883271839487e+00,-6.929156431718166420e-01
8.392562142623256616e-01,-1.292765278106634996e+00
1.071487587709387901e+00,1.116623209377861858e+00
1.953461768078502914e+00,-1.317095109685004983e+00
1.420066986672239295e+00,-2.397826925831516576e-01
1.011018550639423585e+00,1.072732902378356279e+00
1.509116033246927335e+00,6.547582952748700613e-01
9.466146551362979444e-01,-9.004393542674135054e-01
1.443147962934910433e+00,-6.548437929744486130e-01
4.446981555346112280e-01,-1.083920225387307035e+00
1.537910988663626632e-01,1.175579512101521118e+00
1.198314452065458280e+00,-4.333813683665764249e-01
1.047368078766868216e+00,3.404662701071298203e-01
9.213722710420333417e-01,-1.227909434981621750e+00
2.349548581117519852e-01,1.575584359400051593e+00
1.869087926115604592e+00,-4.206659904581538378e-01
2.234768864889957740e-01,4.464223647716232257e-01
1.934929910671185693e+00,2.472356252437746260e-02
6.362382147131926402e-01,6.673092953956124562e-01
5.636599146562786267e-01,8.151142565375918414e-01
1.879978443314463954e+00,-4.453974489391704927e-01
1.921187338293116609e+00,-6.869145258250032304e-01
1.401322807549006733e+00,-1.099958598875308224e+00
1.910470081868745451e+00,-6.282707506091447236e-01
3.499561442023444435e-01,1.493337165733787941e-02
1.713283321271627413e+00,5.558368656258837470e-01
1.236397493494514110e+00,-6.868863578048027829e-01
5.911184976931853630e-01,1.826628176315073571e+00
1.192865221778123930e+00,1.223406119445607509e-01
2.185828845504396156e-01,1.631801233085466540e+00
1.583979601615222110e+00,9.472812259888138131e-01
1.283754648513836027e+00,-1.835916933309677868e+00
2.140815325364648913e-01,8.830754400003770765e-01
4.393175682375769497e-01,-9.394938926437508275e-01
5.834826915661381896e-01,1.470016438158766370e+00
9.474309039613906247e-01,-1.206273768995613782e-01
4.612523028296893202e-01,-4.582727983550138884e-01
5.951194376062176605e-01,1.162527871121739498e+00
1.102965613460970884e+00,4.842027089349490998e-01
2.939712576918951381e-01,-2.816283616721447225e-01
1.506638684886312696e+00,1.652220211984086196e-01
9.011367187002152779e-01,-1.076574416682248181e+00
8.142031513959639977e-01,-1.796805170092707904e+00
1.146959568288671516e+00,-2.285695025980381545e-01
3.153687361807442358e-01,-1.005012593769614604e+00
1.783052329166787464e+00,1.015662088225470772e+00
2.303186924104885236e-01,1.704386636835996338e+00
1.094237193917866779e+00,9.892358330280792700e-01
1.929890424549373096e+00,-8.126951014917377369e-02
2.783824917335264715e-01,5.547112418526993771e-01
1.397620622419093239e+00,-6.194321567229076342e-01
1.950391218807449034e+00,-1.136872902371916516e-01
1.991656587908632980e+00,-6.265853876489615448e-01
6.954744232979617191e-01,2.786661634954459288e-01
1.251526677663590492e+00,-1.082873007700723367e+00
1.884751924605188478e+00,-4.281669178746194682e-02
1.249075795243049569e+00,-9.915958023550534017e-01
1.745639491337056759e+00,6.778858620399796919e-01
1.395151051806077902e+00,-4.311075703799287506e-01
7.380131683588064817e-02,1.764059066691158417e+00
6.910556026012100173e-01,6.644964924935303774e-02
1.787654503258058858e+00,-4.165537893120402346e-02
9.376011212832213726e-01,-5.095497803328905562e-01
8.679398570342684582e-01,-2.248130113523502338e+00
6.098403241782273110e-01,1.533015643407978246e+00
3.194729742962305608e-01,-9.332643835433975799e-01
1.337746540383996541e+00,-9.098388552239909943e-01
7.906819342513231597e-01,-2.290078039707982960e+00
1.764211728477177665e+00,9.711124177127530288e-01
8.638031944226676195e-02,1.009964659510911078e+00
1.748698660849444364e+00,2.653827950797431612e-01
1.847386469521168362e-01,2.673585213567108099e+00
1.647036248678968917e+00,1.171037729875144651e+00
9.160501305051824694e-01,5.265563988117483163e-01
1.480349879465171270e+00,8.055367872567976983e-02
9.017756620236414555e-01,-1.580449548595623366e+00
3.170715771329621901e-01,-5.533786347992625254e-01
1.896379322710808779e+00,3.414434018005392257e-01
1.284956020279372391e+00,-8.684846771399415966e-01
4.296339276352987291e-01,-8.851204028643242516e-01
1.193028503517248984e+00,6.755353308299905102e-03
4.192590322120135493e-01,-1.656137216366930343e+00
8.038738620882728281e-01,-1.469153152231737591e+00
1.190449967935315989e+00,-4.784846122443524585e-01
1.220536049102579401e+00,-1.119814223648428531e+00
2.158752982803922027e-01,1.725729103479674453e+00
3.851338210380819138e-01,-9.689767716050932123e-01
9.164959176920051132e-01,-1.184585336808199996e+00
1.032315012931340759e+00,-1.191687052513212275e-01
1.714488553862506315e+00,-1.465050604899964526e-01
1.153463949994868454e+00,3.641923478895233157e-01
1.623036870855818048e+00,6.716899223518635331e-01
7.394144050783788558e-01,-1.341048164610075144e+00
3.754513883948438213e-01,-1.302646685846987618e+00
5.593829937753493908e-01,2.271861216739825551e-01
4.994908389096441859e-02,7.139753125422132474e-01
7.282620773496437661e-01,-2.020542381211822003e-01
1.271000757081466537e+00,-6.328990534294978154e-01
1.683944370766028431e+00,9.948505514664055527e-01
4.695866932435084351e-01,-4.696735492847723958e-01
1.411533421101762498e+00,-1.111753747908668100e+00
1.504879090815348208e+00,-1.611685468294069279e-01
1.382437955422167741e+00,-9.506758276965383558e-01
1.926757251876129118e+00,-6.308735396023410491e-01
1.159765544901744772e+00,1.993325733704573166e-01
8.871121020978793847e-01,-1.248344646849142148e+00
1.073597545029804978e+00,1.330814398161568768e+00
9.523674245313085152e-03,-1.159603143617726095e+00
1.344549416552287546e-02,3.793432528099593970e-01
9.872015100597133497e-01,-2.689894124803370312e-01
7.531860022597667292e-01,3.701627583994068216e-01
2.699622100343066489e-01,7.764879990993023284e-01
7.085748436862848720e-01,-7.009976480890065531e-01
1.282909317413862160e+00,-6.488695718731757323e-01
1.045570548093171181e+00,1.639073527690520504e-01
7.928135137495593288e-01,-9.102311304062720154e-01
1.540088551814241535e+00,-2.766955061832326312e-01
1.067079719023988904e-01,1.447600887999720420e+00
1.772280751181302794e+00,4.886414135656577118e-01
1.358264728937399690e+00,-8.453520692599164610e-01
8.389740656566921917e-01,-2.037859742638853167e+00
1.383463312829621206e+00,-1.609089941448550221e+00
1.878485832695421465e+00,-1.390479089967790183e-01
1.309677609142011923e+00,-3.878075538859348526e-01
1.336687296692021576e+00,-8.934276086608030631e-01
1.404194318576899914e+00,-1.091381394362754165e+00
1.831363832994600704e+00,1.201243284465532274e-01
1.778651522620511072e+00,7.864052047011617086e-01
5.587258376103798607e-01,8.917428941488659833e-01
4.485689292859040833e-02,6.414699741761001883e-01
5.556303261803687832e-01,1.644335515921626634e+00
7.280533701570985894e-01,-8.286637405594490247e-01
4.949088991022532191e-01,-3.748319256086636297e-01
9.146066908666659057e-01,-2.199893533847844473e+00
1.875975395209943164e+00,-7.030919801814385917e-01
3.787078081537960106e-01,-1.655034238056624751e+00
7.629995094504895548e-01,-1.428311136510264978e+00
1.666083407350988921e+00,5.179306354826039849e-01
2.621250437224336149e-01,1.366772378962193057e+00
7.047555556045748126e-01,1.030352159977886428e-01
1.101785490062999529e+00,4.119525384209541952e-01
1.538725914664394789e+00,1.341685226383035445e+00
1.723684841021444925e+00,7.992745707454621540e-01
5.119602351825862652e-01,-6.426114399953426481e-01
1.904700498232762884e+00,-2.887777763191524127e-01
8.697045331554533742e-01,-2.154078621611148048e+00
2.619413662016034650e-01,1.291367276449971291e+00
3.179573770920292031e-01,-1.245400724064886333e+00
8.747350517635683609e-01,-1.945259902617937797e+00
1.623671771928507868e+00,-7.949531899996098439e-02
1.379685490802455838e-01,1.770088241241695393e+00
4.350106721911224383e-01,-1.561563650425558780e+00
1.603478692573084619e+00,5.913696766575454733e-01
1.646730613862372294e+00,6.256736388530861337e-01
4.000503449467842643e-01,-1.602911932840886067e+00
1.124562076766941754e-01,2.025536824039825490e+00
1.308066474145465063e+00,-4.192654744081932283e-01
1.587884649919135471e+00,5.697012026681884667e-01
9.953680538083853335e-02,9.712189998433164995e-01
1.045219087270283786e+00,-1.129748689693312880e-01
2.836538912121229217e-01,1.657954591427531488e-01
1.201726358841519460e+00,8.628039947730884451e-01
2.248831464237965871e-01,9.246170308693119066e-01
2.635697539860861749e-01,4.688183851089594567e-02
1.081100649082343379e+00,1.653701851302998294e-01
1.893990879114922476e+00,-9.996419024749643167e-01
5.721081677597794624e-02,3.530869604114759142e-01
1.988007388321311186e-01,1.402917381775206751e+00
4.039189287218312163e-01,-5.681770832820005612e-01
1.629386140333614952e+00,7.479897660109265933e-01
4.805710931283853071e-01,-6.168302054590498740e-01
5.440440322412205543e-01,-3.179661147644496921e-02
8.587358966806788452e-01,-1.626021629844969230e+00
1.713615207716787880e+00,8.450934915023872174e-01
5.605358430664886260e-01,3.886888118507366707e-01
9.434404459730962866e-01,-1.372545723173964394e+00
9.499303963054104294e-01,-7.502645484344320215e-01
9.991734629806328094e-01,4.957995724314487318e-01
8.917138156293056284e-01,-1.200950628360583750e+00
1.610181342890991463e+00,7.615269306147947059e-01
3.997920954400331350e-01,-1.458686708348979399e+00
1.008789346187282998e+00,2.659376086010678542e-01
2.620515172851982655e-01,4.637007281169175932e-01
1.742683973506872208e+00,1.834237460068878445e+00
8.499176373495038739e-01,-2.316346490200970276e+00
1.996073552833600218e+00,-2.325904375253928791e-01
1.326559773738694936e+00,-2.429028924301783743e-01
4.081538575321519424e-01,-1.400901116541044100e+00
1.849686112260237936e+00,5.631965411636571384e-01
5.871904170895980712e-01,1.221975348453645305e+00
1.276800840526490122e+00,-7.584936023851569509e-01
1.530378081833943416e+00,5.241979771097804441e-03
2.065873255846117917e-01,7.243043341410745350e-01
3.682573472101111633e-01,-1.719799540541036009e+00
8.533573107535179503e-01,-6.380029451035302834e-01
7.171475890800622643e-01,2.755343876916180323e-01
6.317676878879057156e-01,1.537185728410168872e+00
5.404095998712727944e-01,1.196266494239858647e+00
7.211281395957525042e-01,1.565225573988627272e-01
1.963150977095839744e+00,1.424087553227594283e-01
9.169039961191505217e-01,-1.349384253498909558e+00
9.157495715143602055e-01,-1.343568717655727163e+00
5.010118386743640517e-01,5.109535676056888853e-01
3.793582832621700263e-01,-1.463582481695601789e+00
5.148714167124459617e-01,-3.871664431311516719e-01
1.771296377101885478e+00,4.490676898649426652e-01
1.772482821281368359e+00,2.804759892846078739e-01
3.414965204328788140e-01,-6.704684102837246140e-01
7.932402297381404566e-01,-1.772459913688747557e+00
1.160871299453282601e+00,-4.765058121146393821e-01
1.106977033934601451e+00,2.817106067874772801e-01
4.028286379795482652e-01,-5.122481458641757746e-01
1.234583505874176090e-01,1.618811963254746633e+00
1.593266167761638430e+00,6.492536246946346568e-01
2.596650274775356149e-01,5.221406662329257653e-01
7.950119687409666902e-01,-1.286501588805510909e+00
1.524577022732141351e+00,6.184382848612535177e-01
1.370602965956087216e+00,-5.064908458552541681e-02
8.166967326014669126e-01,-2.467847204418142759e+00
1.598610107975225736e+00,1.278623210070312322e+00
1.986510369195241044e+00,-1.596207547614547084e-01
9.599080654914717847e-01,-7.351183189836849596e-01
1.769933794748936418e+00,1.771585058056063033e+00
1.041781925710706602e+00,3.169182599240146780e-01
7.765420150286277412e-01,-2.031874458788613946e-01
1.979051602216546524e+00,2.495392090438514898e-01
1.543986658225060982e+00,-2.395523335782433483e-01
2.708917502863248394e-01,5.349840944543512444e-01
1.082203557475440059e+00,8.817983069182683264e-01
7.584102469145741487e-01,-9.280109287276985253e-01
9.910128502388895200e-01,-1.281452929150941555e+00
1.511369221063083357e+00,-1.006575867966460758e-01
6.749196835202928568e-01,6.445892513837858662e-01
1.202184431115779439e+00,-8.906403843875322357e-01
4.764642744543281516e-01,4.776950616335684519e-01
8.863366600933253459e-01,-1.687022659580768469e+00
1.778410281465876874e+00,3.090283360539189950e-01
1.473785909812991957e+00,-3.143554593692131638e-01
7.257953360947388965e-01,-6.150592551484630466e-01
5.564517964358242086e-01,5.625729320845767045e-01
1.205986558993936475e+00,-3.244463254981198030e-01
9.500325997384106991e-01,-5.709613358922431825e-01
1.975091213922309352e+00,-5.253094254294063958e-01
5.921616713517581232e-01,1.224267072859733352e+00
1.841612582450211200e+00,-7.720307235882122310e-01
4.690679765252425693e-01,-3.031426657439385552e-01
1.602716215569860658e+00,2.453045804324687773e-01
1.730768254015514485e+00,9.107084518321840738e-01
3.778239753011718438e-01,-1.735521163211734441e+00
8.876710565161975985e-01,-1.810396342643925127e+00
1.421995257621757158e+00,-3.739557303856178017e-01
8.240241347549099871e-01,-2.297695151813536896e+00
2.148764457654408488e-01,2.538677254531556571e+00
1.535102854099768654e+00,2.016859202730290901e-01
9.732571007767421012e-01,-4.078571044419543323e-01
3.689920770620651602e-01,-1.606199415252182572e+00
1.026135455355938753e-01,2.252847912830271859e+00
1.041361755780705112e+00,1.092007186522138129e+00
5.846145662612332039e-01,1.377870563162161277e+00
1.626587832366570119e+00,5.235459200093239840e-02
3.150877523856683293e-01,-8.248289362613825393e-01
3.277915438918310720e-02,7.704929521537199344e-01
1.815346749322663600e+00,-8.423250157767525614e-02
8.354500671016853452e-01,-2.330197829792468145e+00
1.707319876001307524e+00,2.776684602999763829e-01
1.140589397530873628e+00,-1.544337948772291913e-01
1.761779429963880483e+00,6.382986032174711166e-01
1.876685147625612782e+00,-6.821265617856629992e-01
1.686797802045378880e-01,1.734337887785613708e+00
5.580887303981021397e-01,2.367672730845834295e+00
3.663076255559911676e-01,-3.352692529200043126e-01
1.913241186955497497e+00,-1.027296112524328509e+00
1.389462046052817090e+00,-4.888801382118136418e-01
1.851350137528991802e+00,-1.202170548691602892e-01
1.970516519028900460e+00,-3.805829567338075980e-01
1.583565357484738367e+00,1.035437643894187687e+00
1.748319456263692784e+00,5.508013571705707712e-01
1.881597124705596258e+00,-5.509134818286304247e-01
1.218719974443342791e+00,-6.694157015499805352e-01
1.639353868458117702e+00,7.380933422410164146e-01
1.948989011150772610e+00,1.905749839503014798e-01
9.429449598690029521e-01,-4.487041069428337470e-01
4.334505923043778797e-01,-1.741638073361541750e+00
1.330794926298688896e+00,-1.091400664361627193e+00
1.108446223054653235e-01,1.140132981254050160e+00
6.188246773431715919e-01,1.700994058234658768e+00
7.535029839620956960e-01,-6.615402674367800717e-01
1.609807181456286429e+00,1.101747111367223475e+00
4.792089838976587579e-02,6.648533154252264099e-01
6.434613289733477348e-01,1.889797716755792223e-01
6.133238522372403967e-01,1.529591190931421707e+00
1.325099481182248073e+00,-7.650598630333139694e-01
1.750637471734233896e+00,9.573383196067475343e-01
9.609485606031638039e-01,-1.209983973239822763e+00
1.687925963746629954e+00,9.280870536787001468e-01
8.443270808215725953e-01,-2.095451335122857639e+00
1.004796433994125104e+00,-2.846402120393893842e-01
6.421950546154278072e-01,1.331650554736285574e+00
3.922487061643193940e-01,-1.130585339171107151e+00
1.781007594363533508e+00,3.808931127040393605e-02
1.204715394548489193e+00,-1.215956149512060325e+00
5.364430260440338216e-01,-5.812392020740243526e-01
1.077457871406506840e+00,2.271966599800313014e-01
8.097004279018424899e-01,-1.028074189391912530e+00
7.368870230570800928e-02,1.057510787274757780e+00
1.393514414961007253e+00,-1.765552757864632394e+00
1.735831987967668022e+00,3.500867867856664595e-01
1.217469240126699548e+00,-2.607971257028557366e-01
2.954006609202630695e-01,6.320299198242447236e-01
8.389825635412657689e-01,-1.161864866514938477e+00
4.072182227522072040e-01,-1.088903463785419801e+00
3.406556738318857747e-01,-8.678011180493536703e-01
5.885458680796384900e-01,7.218740925957223276e-01
1.791923066698921652e+00,1.640049816693313067e-01
1.686023325270409323e+00,7.205247921945463485e-01
1.587267601029776820e+00,1.479783743996849199e-01
1.856138971923106284e+00,-1.726379575501383601e-01
2.157154199953428275e-01,1.095621696225593134e+00
4.379752718670724132e-01,-8.511879470723121566e-01
8.677266718604892404e-02,1.982223552450488535e+00
8.299602124027360972e-03,4.788389620585621897e-01
1.282413986205039214e+00,-6.393218447061150833e-01
8.170461747634596428e-01,-1.768552125127129893e+00
1.131085615737197569e+00,-4.556540289782055053e-01
1.737563581292671966e+00,7.162983004092087214e-01
5.732374085872182778e-01,1.410008697084951468e+00
4.892043117797986174e-01,-7.068914431126960274e-01
1.642618610226436848e+00,1.427039155958786942e+00
4.965925121438607981e-02,5.559294746854895886e-01
1.851957771751001403e+00,1.700586690930397382e-02
6.940038047293921597e-01,2.435723605693583260e-01
6.684442727579820165e-02,3.570386265101150869e-01
4.337382174967716608e-01,-3.389195133332512100e-02
1.617683196445958149e-01,1.163792385614121461e+00
1.689559749103686004e+00,1.346614225629512607e+00
1.110760041345306703e-01,1.263209337727738024e+00
1.068605523423011849e-01,1.639484149808317914e+00
1.229944725711518805e+00,-9.743105156747546847e-01
4.199447889616603202e-01,-1.404111603425105992e+00
6.691268947592012850e-01,1.290046170849698193e+00
1.572638684987571089e+00,1.422607797942745389e+00
8.508181104778200776e-01,-2.172642861276600446e+00
1.458761090707876518e+00,-2.531809227101576298e-01
5.636565275240481565e-01,1.512449100613530106e+00
2.621671859472858301e-01,1.519734391922846761e-01
1.360550197746905887e-01,2.068936749810882603e+00
1.676845988785205854e+00,4.886136583222123186e-01
2.441968960593312588e-01,1.119045301765044798e+00
1.570755751255952237e-01,1.969116947362212100e+00
3.141139724226393870e-01,5.037031330885499703e-02
1.043050596485841641e+00,5.913174234265918816e-01
1.376742902641739486e+00,-1.318074861678858234e+00
9.881916451583609984e-01,1.760949477155242804e-01
1.241649227083895912e+00,-1.205465017368413827e+00
9.943984149962168395e-01,3.031806555367289047e-01
1.488738057467627884e+00,6.845465135808413981e-01
1.207069956324103188e+00,-8.320542284861071058e-02
3.518450894695464015e-01,-1.373815715903101475e+00
6.719640357682334919e-01,1.383008558763588969e+00
1.986584115845688947e+00,-7.335541193524583448e-02
8.973268435873480442e-01,-2.078687106139296858e+00
1.354943202981440775e+00,-9.858268144747608375e-01
3.448600919288529187e-01,-3.092573950375393510e-01
1.351631461230170306e+00,-9.714018089086029484e-01
1.395996089046735555e+00,-5.659656363835514625e-01
3.203758100066669279e-01,-8.348536310407213001e-01
1.882735525899515983e+00,-1.237813697698659787e+00
7.886044012697113192e-01,-1.607411384268518928e+00
6.922634201554085376e-01,6.184603439156997062e-01
1.355870430159481277e+00,-7.013799599289778364e-01
1.840443149205768458e+00,-1.532105895640930304e-01
1.676467126392654716e+00,-1.866821857704044074e-01
1.124078108570630619e+00,9.637872602785406695e-01
1.086742460796994436e-01,1.877866488351341179e+00
9.717361128944799198e-01,1.175371612481682648e-01
1.241542512473182924e+00,-3.728673265935955605e-03
1.673234235824220484e+00,6.541939154166622750e-01
4.043325537614801402e-01,-1.585853300334294280e+00
9.314244327311378413e-01,-8.533493715609267172e-01
1.282258247557829467e+00,-1.113468562122432726e-02
1.376414623567734141e+00,-1.565832009252322354e+00
9.269933754146886251e-02,1.225639735226629279e+00
1.751830081687748564e+00,3.385163891820976434e-01
2.272947563450282704e-01,1.393704432640453073e+00
1.708223166791247971e+00,1.602021084791415362e+00
1.727517205908338793e+00,6.680282241441977131e-01
1.225289934495264133e+00,-1.155719394513824216e+00
1.082120416410885744e+00,5.381539851291881060e-01
6.992154745849412656e-01,1.664938086103142367e-01
7.773242653136605007e-01,-1.959483004412207574e+00
1.843126366770262647e+00,3.517350542450742856e-01
1.315565181965290931e+00,-1.148324621663112888e+00
9.296653382844588531e-01,-6.947694580555381361e-01
7.174692503093116347e-01,-7.114332986251463709e-01
1.990253331353697641e+00,4.316038742594673350e-01
1.871556008352987854e+00,-1.043754691768186582e+00
1.848079885883184614e+00,3.914860875044661181e-01
1.851303616348582981e+00,-1.068962769107662192e+00
7.135032548559996357e-01,7.166618241530822164e-01
1.667784667454654590e+00,6.806546634569533571e-01
1.376744877112067611e+00,-1.499554038693188929e+00
1.825867614727912702e+00,-4.655484369805343303e-02
1.471131694056883710e+00,-1.239755943654860526e-02
1.666116771425582010e+00,3.697121831810505910e-01
1.600433110667758729e+00,3.611649310279401170e-01
1.157219410144016525e+00,2.223367337889042006e-01
1.393094461017459595e+00,-7.264989475273814223e-01
1.512247429477977523e-01,2.185570862656829316e-01
7.692797376349873595e-01,-1.272017468314357247e+00
1.609408901916464796e+00,8.682998321579720180e-01
1.858761212816895103e-01,1.775035621518971318e+00
6.601788498144425255e-01,1.459996308247826668e+00
1.252583692949001959e+00,-1.067238701518844923e+00
9.002845870707172349e-01,-1.466050340878577440e-01
1.446823224946798270e-01,2.141676209040455969e+00
3.421092874731954669e-01,-8.288661325781169209e-01
1.332106113662039792e+00,-3.257410373037465945e-01
1.096097990378553488e+00,9.651801757472455723e-01
1.176970473651541838e+00,-4.710391423547988926e-02
1.813597637255323303e+00,-1.217501071202934937e-01
1.865866695392474517e+00,2.303216368826241922e-01
5.879053157630791393e-01,1.459494896210698167e+00
1.769877453191271099e+00,-3.733826430157142218e-01
1.046685402961635925e+00,-1.216731800787911877e-01
1.285845300713309713e+00,-6.236035115839890786e-01
2.021536376260451018e-01,1.522241983006706878e+00
8.030409212158404753e-01,-1.385036686029987196e+00
1.897478581268772668e+00,-1.454125806415547673e-01
1.878428097132905705e+00,-2.961393246717396455e-01
8.305898624825929222e-01,-9.311136357683420517e-01
4.923701650580449840e-01,-4.382849100688526178e-01
1.919882162274816784e+00,-7.142395186760917003e-01
1.003064205306242185e+00,1.992882401421781635e-01
1.895268462272822863e+00,-8.466307716779108983e-02
7.054021211945626924e-02,1.433161893329144343e+00
1.188357522079012352e+00,5.366588338975937233e-01
5.638065914203533868e-01,8.020209228923640410e-01
7.823422111382205557e-03,6.852680066262161196e-01
9.766957019811024487e-01,-8.655697038658702325e-02
1.896568362524399198e+00,-9.840245790204772414e-01
9.174434476504405023e-01,-1.277747793881085725e+00
4.270831852727248190e-01,-9.249876427204273277e-02
1.398090566842233429e+00,-2.230635189369084559e-01
1.751451637212501078e+00,4.636972146201590594e-01
1.519490183442596454e+00,-1.076908772628996980e+00
5.002823597854526572e-01,-3.623852080521490771e-01
1.556477817462125213e+00,9.640990089955225884e-04
1.555414971113551204e+00,3.842554750249975171e-01
9.206543631557910778e-01,-9.831907601485667669e-03
1.509863302177340660e+00,4.349655456367252371e-01
7.313347622897303779e-02,1.233583919072067436e+00
4.110540699582168056e-01,-1.721178490393472593e+00
7.749316097210314780e-01,-1.743245544617382237e+00
1.854232645867215812e+00,-2.922321530082759300e-01
1.391677743458578975e+00,-8.830409707965249932e-01
1.337185199607634267e+00,6.452343272006584307e-01
1.646333039064457493e+00,6.107022284633312204e-01
1.444560807292284421e+00,-6.537792998530574939e-01
1.253668265696221695e-01,2.220021952972908608e+00
1.784387052722313127e+00,4.944809509244089685e-01
1.524868782773768361e+00,-4.612867878728570403e-01
4.311174422606127710e-01,-4.509319234846917990e-01
1.189610398118342793e+00,-3.751713702969129982e-01
9.037538679807299857e-01,-2.047693155292529266e+00
5.807058655926566892e-02,1.013068816696111485e+00
1.604247020359070630e+00,8.720924389395425802e-01
6.883732343904014339e-01,3.422337323172710555e-01
1.255166338410911964e+00,-3.876387099799367131e-01
1.641382264424296133e+00,1.206033766868908730e+00
1.861260915416626416e+00,-6.871843853932065871e-01
1.053107954026596405e+00,-5.669740422694672377e-01
8.968744009665576833e-01,-2.657319194530460393e+00
1.949617637294709382e-02,2.008482931324458709e-01
2.260974650227327576e-01,1.748589814436998235e+00
1.452525739893365753e+00,2.044340008321683944e-01
3.659640538758317518e-01,-5.234487742581990233e-01
1.054156960414676103e+00,1.394232585692903648e+00
3.326721457577472840e-01,-8.484700626849611682e-01
1.587181441741749355e+00,1.062452643793154294e+00
4.205688204103590344e-01,-1.955667202862057419e+00
1.541542421684512165e+00,6.047112934937790563e-01
8.890754161343403794e-01,-1.343379741793017335e+00
1.498401214732677733e+00,-5.724831300943963169e-02
7.180841262930410807e-01,-2.872065416921872893e-01
1.929906200035416353e+00,-1.067586566555406735e+00
1.005378018306622545e+00,1.359358487513911973e-01
8.122986319641325448e-01,-9.727768690031644017e-01
8.297194177584441555e-01,-1.902518325664174670e+00
6.084209833184073268e-01,1.572591217632898886e+00
1.344054448904632881e+00,-1.173775646487996926e+00
3.475950056695908952e-01,-9.238576975997818685e-01
3.081774869235076597e-01,-9.519300814992182058e-01
1.927397302174575389e+00,-3.233362378663986458e-01
4.197859600398394786e-01,-1.306204948978641367e+00
1.621057232217230082e+00,8.692059889336863909e-01
1.659464592628208113e-01,1.430970873113040831e+00
1.188961941397994604e+00,-8.011040418473095448e-01
2.109500367982573010e-01,1.193676660071210760e+00
7.209134202944504910e-01,3.945475173066624319e-01
6.686993040748592243e-01,1.625780503451646819e+00
1.225860632456124977e+00,-7.022584487840295431e-01
8.066476235703001763e-03,5.046902392700134410e-01
5.536831974817977287e-01,1.293371293132842936e+00
1.522788796935364175e+00,3.394084280145223120e-01
1.517690258738968456e+00,-6.645615549935879329e-01
1.579356793588470254e+00,6.514141294326853959e-01
1.153732592140475521e+00,-3.657154582650097852e-01
1.508508540253872043e+00,6.416141618567848814e-01
8.696191140094307048e-01,-1.291887887801286716e+00
6.306412629246340718e-01,1.549891287991599809e+00
1.623456147961959140e+00,-5.454939244363297135e-01
7.938837945630103921e-01,-1.109750089634611747e+00
2.650392441705855529e-01,7.594527174247006629e-01
1.910433592291562732e+00,-1.142607436947890909e+00
2.571418863914809450e-01,1.052717055321338524e+00
1.533714013388009390e+00,2.490858583233375723e-01
4.175080015251162457e-01,-1.305319443890020414e+00
1.716814297617756724e+00,4.937870540581728585e-01
1.248271448096778258e+00,-1.205929810545991021e+00
1.887741705430127759e+00,-6.392823522153634475e-01
1.206984454539536067e+00,1.162656833623674224e+00
1.684305498968516224e+00,9.881591470126744881e-01
9.915917271224035101e-01,-5.609482641011659387e-03
1.780399634484794325e+00,1.653615702410615174e-01
8.176252518483118070e-01,-1.961081948558474286e+00
1.856680580091780053e+00,-4.848348500215070023e-01
1.292682213421316950e+00,-1.314660632300230336e+00
1.840866209262932207e+00,3.675878510382704079e-01
8.577493359894150515e-02,1.116807938785874033e+00
7.298816598405890588e-01,1.264314211015177269e-01
1.803388105659352814e+00,-2.923421821900265005e-01
5.356480554265496963e-01,1.107332987102070954e+00
1.087154575257686995e+00,4.943331249621350509e-01
8.390129087062561108e-01,-1.412199064773220325e+00
1.999554436253991874e-02,2.201139359222119007e-01
8.264417969929094276e-02,7.663310297161641804e-01
9.805063300119929437e-01,3.403725995481742261e-01
7.566758330155392009e-01,-1.051030782688617382e+00
1.775375351820060565e+00,4.565655953021386937e-01
6.544536219890939588e-01,5.842600972465361586e-01
3.155633064939811216e-01,-4.788455682506809752e-01
2.395026998485791925e-01,7.085039961469117298e-01
8.223927899903098471e-01,-1.541841570097039593e+00
1.969606890785438491e+00,-1.467912252364913517e-01
1.794913633006791409e+00,1.883325279146796927e-02
1.070484999973049245e+00,-1.950568917537371938e-01
1.038991062510668861e+00,5.998216479467886053e-01
1.242080228226503991e+00,-1.987627013882172222e-01
1.486276501764679514e+00,2.618863665056131440e-01
1.121346195170931370e-01,9.782810785023013933e-01
1.876290899249709820e+00,-5.271338948730236451e-02
1.750157466036723175e+00,8.984208043657436749e-01
9.338760090404412129e-01,-8.322530244959809309e-01
6.751695479927168897e-01,9.511680227655467945e-01
1.060884441732406369e+00,3.280645331941003384e-01
1.007709708960277339e+00,2.005301973142162297e-01
6.352211860202117144e-01,1.674487473562681794e+00
2.495940653199983927e-01,4.624842567334968013e-01
1.450909798437567400e+00,-1.026732725969418336e+00
1.779992004194881128e+00,4.403210431587294971e-01
1.300004438651910510e+00,-7.835906689016616244e-01
5.806554680602165064e-01,2.780415739751833648e-01
8.735217565432800146e-01,-2.001187908405533733e+00
3.755444783011836485e-01,-9.782873947770028833e-01
1.874128442049841858e+00,-4.159458693670100016e-01
5.012228189622127683e-01,6.928351115802378057e-02
7.054749436718015243e-01,-4.425925794932666357e-01
1.295855468171287939e+00,-4.233573405178727711e-01
1.473410602331890251e+00,7.103912382785583235e-01
9.023793533712503034e-01,-1.499292458365345748e+00
2.752006399147752802e-01,-1.631710966542464503e-01
8.198889037819727665e-01,-2.246255458361668733e+00
1.633089011036448213e+00,1.209174945203235652e+00
5.593864723924637516e-01,1.039932129999495247e+00
8.170229996900315594e-01,-2.045163420617902794e+00
5.467693405948783614e-01,1.423230942351234596e+00
7.388607475001758296e-01,-1.057129044278018459e-01
6.711307844876213125e-01,1.101146972036825655e+00
9.568144484374936365e-01,-1.502431712161293564e+00
1.658234313083408740e+00,7.956772727797297717e-01
1.632963713422859620e+00,1.076219794687347076e+00
3.452561875359330124e-01,-1.635791783026318669e+00
4.740439968160856665e-01,-1.350636525174797598e-02
6.878099983923995353e-01,1.236579208503150173e+00
1.360789516199473637e+00,-2.709087593172533337e-01
1.471296975354668968e+00,-5.409077795824863699e-01
1.471332424326095900e+00,-5.337165489732775825e-01
4.322822912632460213e-01,-6.125030316562418697e-01
4.461466495129104981e-01,-4.192274294271162716e-01
1.975108996841327791e+00,3.430896942081005374e-01
1.176083730390075077e+00,5.106910863257663191e-01
1.523701721860073688e+00,9.878881542651551939e-02
4.081773403285242630e-01,-1.472964668367322094e+00
1.237871519918151808e+00,-1.556666527068886197e+00
5.878533510623134006e-01,1.639752219380987475e+00
9.703545496833849704e-01,7.231494335057238043e-01
8.874031674415350235e-01,-1.786868855628060970e+00
1.718496491685290728e+00,6.078510838128013960e-01
7.196458164408174873e-01,2.265575097040550268e-01
1.477675371686588912e+00,4.691132677329348799e-02
6.167956217515326856e-01,6.127777543402763705e-01
1.210763062106968491e+00,-7.711320255482894126e-01
1.712487646566931421e+00,3.121684052954249999e-01
4.666486304035704080e-01,4.059798694488065962e-01
8.356934296390732264e-01,-2.097424144468812646e+00
1.953908181431753155e+00,-2.282602926090837592e-04
1.654123159249975661e+00,1.795498086546583494e+00
1.766799351181796540e+00,1.542954563984805683e+00
1.202354005056137654e+00,3.744572980477287594e-01
7.474278926634447817e-01,1.574242636725482480e-01
2.842643597047469495e-01,-5.991570561999497446e-01
1.730789953256209213e+00,6.303268196494717923e-01
2.296133313276844667e-01,7.117477177909079522e-01
1.866689640542143147e+00,-4.329517243173992003e-01
1.858428428922809239e+00,1.087355909796369202e+00
1.898925749366509041e+00,-1.311185483455697076e+00
1.559048032159116026e+00,6.470857325360406254e-01
1.323376049960458101e+00,-1.498923512295859073e+00
7.768548278633338189e-01,-5.111168356626121234e-01
1.663735977893374240e+00,1.510119919025874502e+00
1.161699970606894450e+00,-2.094434074807453583e-01
1.023847518059733730e+00,1.296866585130946437e+00
2.702054310831580874e-01,3.422442441673113067e-01
2.381059290623577240e-01,1.580237446919694921e+00
1.348913392883846152e+00,-6.721274312530843842e-01
2.776691309219108117e-01,-1.274065090032050485e-01
1.404357251550978569e+00,-7.721080127373709523e-01
8.699328367519023608e-01,-1.743264264352150761e+00
2.569396183880754414e-01,8.803690933567320798e-01
1.122487177047320595e+00,4.260640286109743657e-01
1.581236952101038540e+00,1.680498319504607485e+00
1.979702524285012810e+00,-3.246924390396826454e-01
4.959489290284118113e-01,-3.097451983851320367e-01
7.831137074835650136e-01,-1.634726236265302557e+00
9.689963847514060369e-01,-8.240750892564769892e-01
9.739489832307732797e-01,-1.080996755170015255e+00
4.715511395480580514e-01,-1.014063055543577452e+00
6.596094806595340643e-01,1.416124983167001083e+00
1.785705061660332049e-01,1.707257915736944076e+00
1.144471447016510712e+00,1.136336950981565869e-01
1.992961311314926709e+00,8.975129848686071166e-02
2.485412926760706132e-01,1.268819479397381267e+00
1.440613567947008455e+00,-6.220748178972917986e-02
1.055121875379441798e+00,8.566727176203625671e-01
6.556579748263087204e-01,7.327421405822355238e-01
6.656938952707016632e-01,7.493280348575270811e-01
1.972516770703136579e+00,-6.827055156629813215e-01
2.169911226765257606e-01,1.225087782467795483e+00
1.177275871743617808e+00,-5.098526492326773685e-01
1.074150529304266133e+00,3.274527076337404585e-01
1.887335306250820466e+00,-5.075904076496651207e-01
4.068412138656487542e-01,-1.381857378771887968e+00
5.925291220113382273e-02,7.372491652316794930e-01
1.772463106016157530e+00,3.071502913875970853e-01
6.500547181450262446e-01,1.731989975400087145e+00
8.187073097263068977e-01,-1.830805805025841781e+00
2.397223638635970211e-01,3.937300451724392580e-01
4.523652285042338850e-01,-7.323630043475047868e-01
4.519358541288012177e-01,-1.380003493893257271e+00
1.363317213872700107e+00,-1.314649027837890394e+00
